web-scraper-order,web-scraper-start-url,modelo,pvp,kms,cm3,provincia,anyo
"1527110176-228","https://motos.coches.net/ocasion/?pg=12&MaxPrice=2000&Tops=1&or=-1&fi=SortDate","KSR MOTO Classic","1.750 €","N/D km","125 cc","Madrid","2017"
"1527110166-126","https://motos.coches.net/ocasion/?pg=16&MaxPrice=2000&Tops=1&or=-1&fi=SortDate","HYOSUNG GT 650 R","1.900 €","17.500 km","647 cc","Sevilla","2007"
"1527110192-393","https://motos.coches.net/ocasion/?pg=6&MaxPrice=2000&Tops=1&or=-1&fi=SortDate","KYMCO Agility CITY 125 2017","1.600 €","9.000 km","125 cc","Madrid","2017"
"1527110205-538","https://motos.coches.net/ocasion/?pg=1&MaxPrice=2000&Tops=1&or=-1&fi=SortDate","DAELIM Roadwin 125 FI","1.950 €","1.068 km","124 cc","Pontevedra","2015"
"1527110176-231","https://motos.coches.net/ocasion/?pg=12&MaxPrice=2000&Tops=1&or=-1&fi=SortDate","HONDA PCX 125","1.999 €","3.139 km","125 cc","Madrid","2015"
"1527110161-68","https://motos.coches.net/ocasion/?pg=18&MaxPrice=2000&Tops=1&or=-1&fi=SortDate","SYM GTS 125 EVO","1.700 €","11.500 km","125 cc","Barcelona","2011"
"1527110198-435","https://motos.coches.net/ocasion/?pg=4&MaxPrice=2000&Tops=1&or=-1&fi=SortDate","YAMAHA X-CITY 250","1.900 €","50.000 km","249 cc","Barcelona","2009"
"1527110184-307","https://motos.coches.net/ocasion/?pg=9&MaxPrice=2000&Tops=1&or=-1&fi=SortDate","HYOSUNG GT 250R","1.390 €","8.700 km","249 cc","Madrid","2007"
"1527110205-535","https://motos.coches.net/ocasion/?pg=1&MaxPrice=2000&Tops=1&or=-1&fi=SortDate","KYMCO People 250","1.599 €","26.442 km","250 cc","Valencia","2009"
"1527110163-76","https://motos.coches.net/ocasion/?pg=17&MaxPrice=2000&Tops=1&or=-1&fi=SortDate","PIAGGIO Liberty 125 ABS","2.000 €","1.650 km","124 cc","Lleida","2017"
"1527110173-204","https://motos.coches.net/ocasion/?pg=13&MaxPrice=2000&Tops=1&or=-1&fi=SortDate","SUZUKI GSX 750 F","1.700 €","74.214 km","750 cc","Alicante","1990"
"1527110187-345","https://motos.coches.net/ocasion/?pg=8&MaxPrice=2000&Tops=1&or=-1&fi=SortDate","SYM Citycom 300i","1.490 €","10.300 km","298 cc","Barcelona","2010"
"1527110176-229","https://motos.coches.net/ocasion/?pg=12&MaxPrice=2000&Tops=1&or=-1&fi=SortDate","KYMCO Vitality 50","650 €","13.367 km","49 cc","Madrid","2007"
"1527110163-90","https://motos.coches.net/ocasion/?pg=17&MaxPrice=2000&Tops=1&or=-1&fi=SortDate","HONDA XL 125 Varadero","1.990 €","55.000 km","124 cc","Madrid","2005"
"1527110155-17","https://motos.coches.net/ocasion/?pg=20&MaxPrice=2000&Tops=1&or=-1&fi=SortDate","APRILIA ATLANTIC 125","1.990 €","9.247 km","124 cc","Valencia","2012"
"1527110158-33","https://motos.coches.net/ocasion/?pg=19&MaxPrice=2000&Tops=1&or=-1&fi=SortDate","KEEWAY Superlight 125 LE","1.299 €","13.602 km","125 cc","Madrid","2014"
"1527110163-100","https://motos.coches.net/ocasion/?pg=17&MaxPrice=2000&Tops=1&or=-1&fi=SortDate","DAELIM S1 125 FI","999 €","40.000 km","125 cc","Barcelona","2012"
"1527110187-339","https://motos.coches.net/ocasion/?pg=8&MaxPrice=2000&Tops=1&or=-1&fi=SortDate","KAWASAKI KLX 650","1.550 €","26.398 km","650 cc","Madrid","1994"
"1527110155-13","https://motos.coches.net/ocasion/?pg=20&MaxPrice=2000&Tops=1&or=-1&fi=SortDate","SUZUKI BURGMAN 150","1.350 €","6.275 km","150 cc","Barcelona","2004"
"1527110171-166","https://motos.coches.net/ocasion/?pg=14&MaxPrice=2000&Tops=1&or=-1&fi=SortDate","SUZUKI GSX 600F","1.800 €","59.000 km","599 cc","Toledo","2001"
"1527110200-473","https://motos.coches.net/ocasion/?pg=3&MaxPrice=2000&Tops=1&or=-1&fi=SortDate","HONDA SCOOPY SH125i","1.455 €","26.400 km","125 cc","Barcelona","2006"
"1527110155-1","https://motos.coches.net/ocasion/?pg=20&MaxPrice=2000&Tops=1&or=-1&fi=SortDate","YAMAHA YBR 125 Classic","1.900 €","7.500 km","124 cc","Madrid","2016"
"1527110163-95","https://motos.coches.net/ocasion/?pg=17&MaxPrice=2000&Tops=1&or=-1&fi=SortDate","APRILIA Leonardo 125","690 €","10.000 km","125 cc","Barcelona","2000"
"1527110198-452","https://motos.coches.net/ocasion/?pg=4&MaxPrice=2000&Tops=1&or=-1&fi=SortDate","HYOSUNG GV 250 AQUILA","800 €","7.000 km","249 cc","Murcia","2005"
"1527110158-47","https://motos.coches.net/ocasion/?pg=19&MaxPrice=2000&Tops=1&or=-1&fi=SortDate","PEUGEOT SATELIS 125 RS","1.999 €","16.700 km","125 cc","A Coruña","2011"
"1527110178-247","https://motos.coches.net/ocasion/?pg=11&MaxPrice=2000&Tops=1&or=-1&fi=SortDate","YAMAHA YBR 125 Classic","1.800 €","5.195 km","124 cc","Murcia","2017"
"1527110166-112","https://motos.coches.net/ocasion/?pg=16&MaxPrice=2000&Tops=1&or=-1&fi=SortDate","RIEJU BYE BIKE","1.499 €","1 km","49 cc","Zaragoza","2017"
"1527110187-338","https://motos.coches.net/ocasion/?pg=8&MaxPrice=2000&Tops=1&or=-1&fi=SortDate","KAWASAKI ZZR 600","1.150 €","47.500 km","600 cc","Madrid","1991"
"1527110168-158","https://motos.coches.net/ocasion/?pg=15&MaxPrice=2000&Tops=1&or=-1&fi=SortDate","HYOSUNG RT 125 Karion","1.690 €","6.202 km","124 cc","Cáceres","2005"
"1527110192-400","https://motos.coches.net/ocasion/?pg=6&MaxPrice=2000&Tops=1&or=-1&fi=SortDate","HONDA CB 250 TWO FIFTY","1.600 €","25.625 km","237 cc","Barcelona","1994"
"1527110187-326","https://motos.coches.net/ocasion/?pg=8&MaxPrice=2000&Tops=1&or=-1&fi=SortDate","PEUGEOT ELYSEO 150","500 €","6.900 km","150 cc","Vizcaya","2001"
"1527110190-347","https://motos.coches.net/ocasion/?pg=7&MaxPrice=2000&Tops=1&or=-1&fi=SortDate","PEUGEOT GEOPOLIS 250 CITY","950 €","31.000 km","244 cc","Valencia","2007"
"1527110176-234","https://motos.coches.net/ocasion/?pg=12&MaxPrice=2000&Tops=1&or=-1&fi=SortDate","BETA ARK 50","550 €","15.225 km","49 cc","Córdoba","2002"
"1527110200-482","https://motos.coches.net/ocasion/?pg=3&MaxPrice=2000&Tops=1&or=-1&fi=SortDate","SUZUKI Marauder 250","1.000 €","36.000 km","249 cc","Asturias","2006"
"1527110173-203","https://motos.coches.net/ocasion/?pg=13&MaxPrice=2000&Tops=1&or=-1&fi=SortDate","SYM Symphony S 125 LX","1.999 €","N/D km","124 cc","Madrid","2018"
"1527110161-61","https://motos.coches.net/ocasion/?pg=18&MaxPrice=2000&Tops=1&or=-1&fi=SortDate","SUZUKI Marauder 250","2.000 €","1.511 km","249 cc","Vizcaya","2008"
"1527110198-449","https://motos.coches.net/ocasion/?pg=4&MaxPrice=2000&Tops=1&or=-1&fi=SortDate","VESPA 200 Iris","1.800 €","2.750 km","198 cc","Melilla","1988"
"1527110166-110","https://motos.coches.net/ocasion/?pg=16&MaxPrice=2000&Tops=1&or=-1&fi=SortDate","HONDA CB 500","1.850 €","48.000 km","499 cc","Madrid","2002"
"1527110163-83","https://motos.coches.net/ocasion/?pg=17&MaxPrice=2000&Tops=1&or=-1&fi=SortDate","YAMAHA YBR 125 Classic","1.300 €","2.400 km","124 cc","Badajoz","2009"
"1527110205-544","https://motos.coches.net/ocasion/?pg=1&MaxPrice=2000&Tops=1&or=-1&fi=SortDate","MACBOR Shifter MC1","1.900 €","3.500 km","125 cc","Vizcaya","2017"
"1527110181-271","https://motos.coches.net/ocasion/?pg=10&MaxPrice=2000&Tops=1&or=-1&fi=SortDate","YAMAHA TT R 250","1.700 €","20.600 km","249 cc","Barcelona","2001"
"1527110173-207","https://motos.coches.net/ocasion/?pg=13&MaxPrice=2000&Tops=1&or=-1&fi=SortDate","YAMAHA YBR 125","1.050 €","15.500 km","123 cc","Madrid","2006"
"1527110200-472","https://motos.coches.net/ocasion/?pg=3&MaxPrice=2000&Tops=1&or=-1&fi=SortDate","DERBI Senda 50 SM","1.499 €","9.800 km","50 cc","Navarra","2009"
"1527110178-264","https://motos.coches.net/ocasion/?pg=11&MaxPrice=2000&Tops=1&or=-1&fi=SortDate","YAMAHA SR 250","1.500 €","40.300 km","250 cc","Guipúzcoa","1991"
"1527110173-206","https://motos.coches.net/ocasion/?pg=13&MaxPrice=2000&Tops=1&or=-1&fi=SortDate","HONDA CB 250 F","1.200 €","26.000 km","250 cc","Valencia","2004"
"1527110190-346","https://motos.coches.net/ocasion/?pg=7&MaxPrice=2000&Tops=1&or=-1&fi=SortDate","YAMAHA DT 50 R","1.900 €","1.000 km","50 cc","Madrid","2008"
"1527110173-191","https://motos.coches.net/ocasion/?pg=13&MaxPrice=2000&Tops=1&or=-1&fi=SortDate","HONDA CMX Rebel 250","1.795 €","18.256 km","234 cc","Murcia","1999"
"1527110171-181","https://motos.coches.net/ocasion/?pg=14&MaxPrice=2000&Tops=1&or=-1&fi=SortDate","HANWAY Raw 125 Cafe Racer","1.700 €","1.045 km","123 cc","Madrid","2017"
"1527110166-117","https://motos.coches.net/ocasion/?pg=16&MaxPrice=2000&Tops=1&or=-1&fi=SortDate","SYM Symphony 125 SR","1.700 €","4.300 km","125 cc","Barcelona","2017"
"1527110181-289","https://motos.coches.net/ocasion/?pg=10&MaxPrice=2000&Tops=1&or=-1&fi=SortDate","HONDA @ 125","700 €","27.000 km","124 cc","Granada","2007"
"1527110163-91","https://motos.coches.net/ocasion/?pg=17&MaxPrice=2000&Tops=1&or=-1&fi=SortDate","DAELIM Roadwin 125","1.599 €","4.731 km","124 cc","Sevilla","2007"
"1527110190-373","https://motos.coches.net/ocasion/?pg=7&MaxPrice=2000&Tops=1&or=-1&fi=SortDate","SUZUKI GS 500 E","1.600 €","35.174 km","487 cc","Guadalajara","1998"
"1527110203-493","https://motos.coches.net/ocasion/?pg=2&MaxPrice=2000&Tops=1&or=-1&fi=SortDate","HYOSUNG GV 125 AQUILA","1.400 €","2.659 km","124 cc","Barcelona","2005"
"1527110200-483","https://motos.coches.net/ocasion/?pg=3&MaxPrice=2000&Tops=1&or=-1&fi=SortDate","BMW F 650","990 €","90.000 km","652 cc","Barcelona","1997"
"1527110161-63","https://motos.coches.net/ocasion/?pg=18&MaxPrice=2000&Tops=1&or=-1&fi=SortDate","SUZUKI BURGMAN 150","1.400 €","29.740 km","150 cc","Vizcaya","2003"
"1527110161-51","https://motos.coches.net/ocasion/?pg=18&MaxPrice=2000&Tops=1&or=-1&fi=SortDate","HONDA CB 250 TWO FIFTY","1.590 €","13.266 km","234 cc","Cáceres","2002"
"1527110168-137","https://motos.coches.net/ocasion/?pg=15&MaxPrice=2000&Tops=1&or=-1&fi=SortDate","KEEWAY Logik 125","1.769 €","4.981 km","124 cc","Barcelona","2016"
"1527110198-444","https://motos.coches.net/ocasion/?pg=4&MaxPrice=2000&Tops=1&or=-1&fi=SortDate","GAS GAS Halley R 125","3 €","5.000 km","125 cc","Asturias","2011"
"1527110195-404","https://motos.coches.net/ocasion/?pg=5&MaxPrice=2000&Tops=1&or=-1&fi=SortDate","KAWASAKI GPZ 500 S","700 €","48.000 km","500 cc","Asturias","1991"
"1527110203-497","https://motos.coches.net/ocasion/?pg=2&MaxPrice=2000&Tops=1&or=-1&fi=SortDate","SYM Mask 125i","1.999 €","N/D km","125 cc","Madrid","2018"
"1527110171-169","https://motos.coches.net/ocasion/?pg=14&MaxPrice=2000&Tops=1&or=-1&fi=SortDate","KYMCO Xciting 500","1.550 €","35.000 km","498 cc","Valencia","2008"
"1527110192-376","https://motos.coches.net/ocasion/?pg=6&MaxPrice=2000&Tops=1&or=-1&fi=SortDate","YAMAHA YBR 125","1.800 €","1.000 km","124 cc","Barcelona","2015"
"1527110166-124","https://motos.coches.net/ocasion/?pg=16&MaxPrice=2000&Tops=1&or=-1&fi=SortDate","HONDA SCOOPY 75","900 €","30.000 km","75 cc","Salamanca","1995"
"1527110205-533","https://motos.coches.net/ocasion/?pg=1&MaxPrice=2000&Tops=1&or=-1&fi=SortDate","KSR MOTO SOHO 125","1.899 €","1.957 km","125 cc","Valencia","2017"
"1527110192-391","https://motos.coches.net/ocasion/?pg=6&MaxPrice=2000&Tops=1&or=-1&fi=SortDate","HONDA PCX 125","1.999 €","17.442 km","125 cc","Valencia","2014"
"1527110187-342","https://motos.coches.net/ocasion/?pg=8&MaxPrice=2000&Tops=1&or=-1&fi=SortDate","KYMCO K-XCT 125i","2.000 €","26.700 km","124 cc","Málaga","2016"
"1527110203-511","https://motos.coches.net/ocasion/?pg=2&MaxPrice=2000&Tops=1&or=-1&fi=SortDate","VESPA LX 50 4T","1.500 €","2.600 km","49 cc","Guipúzcoa","2012"
"1527110166-128","https://motos.coches.net/ocasion/?pg=16&MaxPrice=2000&Tops=1&or=-1&fi=SortDate","HYOSUNG GT 125 Comet","1.400 €","11.500 km","124 cc","Alicante","2004"
"1527110168-141","https://motos.coches.net/ocasion/?pg=15&MaxPrice=2000&Tops=1&or=-1&fi=SortDate","DAELIM Roadwin 125 FI","1.200 €","13.357 km","124 cc","Madrid","2011"
"1527110173-202","https://motos.coches.net/ocasion/?pg=13&MaxPrice=2000&Tops=1&or=-1&fi=SortDate","SYM X-Pro 50","999 €","27.922 km","49 cc","Madrid","2013"
"1527110181-279","https://motos.coches.net/ocasion/?pg=10&MaxPrice=2000&Tops=1&or=-1&fi=SortDate","HYOSUNG GT 125 Comet","1.000 €","24.500 km","124 cc","Las Palmas","2005"
"1527110184-302","https://motos.coches.net/ocasion/?pg=9&MaxPrice=2000&Tops=1&or=-1&fi=SortDate","YAMAHA SR 250 Special","1.000 €","22.500 km","249 cc","Sevilla","2000"
"1527110190-348","https://motos.coches.net/ocasion/?pg=7&MaxPrice=2000&Tops=1&or=-1&fi=SortDate","HONDA @ 125","1.500 €","27.000 km","124 cc","Barcelona","2012"
"1527110190-365","https://motos.coches.net/ocasion/?pg=7&MaxPrice=2000&Tops=1&or=-1&fi=SortDate","YAMAHA YZF 600 Thundercat","2.000 €","40.000 km","599 cc","Barcelona","2002"
"1527110200-490","https://motos.coches.net/ocasion/?pg=3&MaxPrice=2000&Tops=1&or=-1&fi=SortDate","PIAGGIO X8 125","1.350 €","70.000 km","124 cc","Madrid","2006"
"1527110198-443","https://motos.coches.net/ocasion/?pg=4&MaxPrice=2000&Tops=1&or=-1&fi=SortDate","HONDA Vision","1.700 €","400 km","108 cc","Madrid","2018"
"1527110203-519","https://motos.coches.net/ocasion/?pg=2&MaxPrice=2000&Tops=1&or=-1&fi=SortDate","HONDA CBR 1100 XX","1.799 €","70.000 km","1.137 cc","Madrid","1998"
"1527110166-102","https://motos.coches.net/ocasion/?pg=16&MaxPrice=2000&Tops=1&or=-1&fi=SortDate","PIAGGIO X8 125","1.400 €","27.600 km","124 cc","Madrid","2007"
"1527110198-450","https://motos.coches.net/ocasion/?pg=4&MaxPrice=2000&Tops=1&or=-1&fi=SortDate","APRILIA Sonic 50","450 €","10.000 km","49 cc","Jaén","2003"
"1527110178-246","https://motos.coches.net/ocasion/?pg=11&MaxPrice=2000&Tops=1&or=-1&fi=SortDate","YAMAHA SRX 400","1.999 €","39.000 km","400 cc","Madrid","1988"
"1527110181-288","https://motos.coches.net/ocasion/?pg=10&MaxPrice=2000&Tops=1&or=-1&fi=SortDate","APRILIA Scarabeo 500","970 €","90.000 km","460 cc","Madrid","2003"
"1527110203-498","https://motos.coches.net/ocasion/?pg=2&MaxPrice=2000&Tops=1&or=-1&fi=SortDate","HONDA SCOOPY SH125i","1.795 €","53.200 km","125 cc","Barcelona","2005"
"1527110190-370","https://motos.coches.net/ocasion/?pg=7&MaxPrice=2000&Tops=1&or=-1&fi=SortDate","APRILIA Compay 50 Custom","850 €","16.670 km","49 cc","Madrid","2006"
"1527110195-408","https://motos.coches.net/ocasion/?pg=5&MaxPrice=2000&Tops=1&or=-1&fi=SortDate","GILERA R 50","400 €","15.000 km","50 cc","Zaragoza","2008"
"1527110168-160","https://motos.coches.net/ocasion/?pg=15&MaxPrice=2000&Tops=1&or=-1&fi=SortDate","DERBI Antorcha 50","700 €","1.983 km","50 cc","Alicante","1970"
"1527110190-359","https://motos.coches.net/ocasion/?pg=7&MaxPrice=2000&Tops=1&or=-1&fi=SortDate","PIAGGIO ZIP 50","450 €","3.200 km","49 cc","Barcelona","2001"
"1527110200-484","https://motos.coches.net/ocasion/?pg=3&MaxPrice=2000&Tops=1&or=-1&fi=SortDate","SUZUKI RMX 50","500 €","10.000 km","50 cc","Madrid","1995"
"1527110158-44","https://motos.coches.net/ocasion/?pg=19&MaxPrice=2000&Tops=1&or=-1&fi=SortDate","SUZUKI GSF 600 Bandit","1.800 €","52.000 km","600 cc","Tarragona","2004"
"1527110168-146","https://motos.coches.net/ocasion/?pg=15&MaxPrice=2000&Tops=1&or=-1&fi=SortDate","DAELIM Daystar 125 FI","1.700 €","22.900 km","124 cc","Madrid","2014"
"1527110200-468","https://motos.coches.net/ocasion/?pg=3&MaxPrice=2000&Tops=1&or=-1&fi=SortDate","DERBI BOULEVARD 150","900 €","8.300 km","151 cc","Cantabria","2009"
"1527110203-506","https://motos.coches.net/ocasion/?pg=2&MaxPrice=2000&Tops=1&or=-1&fi=SortDate","KAWASAKI ER 5","1.000 €","52.897 km","499 cc","Alicante","1999"
"1527110171-161","https://motos.coches.net/ocasion/?pg=14&MaxPrice=2000&Tops=1&or=-1&fi=SortDate","YAMAHA XV 250 Virago","750 €","24.600 km","248 cc","Málaga","1998"
"1527110178-258","https://motos.coches.net/ocasion/?pg=11&MaxPrice=2000&Tops=1&or=-1&fi=SortDate","DAELIM S3 125 FI","1.790 €","31.679 km","124 cc","Madrid","2012"
"1527110178-239","https://motos.coches.net/ocasion/?pg=11&MaxPrice=2000&Tops=1&or=-1&fi=SortDate","KYMCO Grand Dink 150","800 €","34.000 km","150 cc","Valencia","2004"
"1527110163-75","https://motos.coches.net/ocasion/?pg=17&MaxPrice=2000&Tops=1&or=-1&fi=SortDate","LML STAR 125 4T Deluxe Automática","1.500 €","5.000 km","125 cc","Vizcaya","2013"
"1527110198-459","https://motos.coches.net/ocasion/?pg=4&MaxPrice=2000&Tops=1&or=-1&fi=SortDate","KTM SX 125","1.200 €","2.000 km","124 cc","Zaragoza","1994"
"1527110178-253","https://motos.coches.net/ocasion/?pg=11&MaxPrice=2000&Tops=1&or=-1&fi=SortDate","KYMCO Zing II Darkside 125","995 €","13.000 km","124 cc","Tarragona","2007"
"1527110198-448","https://motos.coches.net/ocasion/?pg=4&MaxPrice=2000&Tops=1&or=-1&fi=SortDate","YAMAHA X MAX 250","1.200 €","26.000 km","249 cc","Guipúzcoa","2006"
"1527110184-312","https://motos.coches.net/ocasion/?pg=9&MaxPrice=2000&Tops=1&or=-1&fi=SortDate","DAELIM Daystar 125","1.200 €","2.200 km","125 cc","Asturias","2005"
"1527110184-297","https://motos.coches.net/ocasion/?pg=9&MaxPrice=2000&Tops=1&or=-1&fi=SortDate","SUZUKI DR 600 Djebel","1.499 €","67.000 km","600 cc","Navarra","1990"
"1527110192-390","https://motos.coches.net/ocasion/?pg=6&MaxPrice=2000&Tops=1&or=-1&fi=SortDate","YAMAHA D'elight","1.200 €","16.535 km","114 cc","Murcia","2015"
"1527110198-458","https://motos.coches.net/ocasion/?pg=4&MaxPrice=2000&Tops=1&or=-1&fi=SortDate","HONDA CBF 125","900 €","53.500 km","125 cc","Málaga","2010"
"1527110178-252","https://motos.coches.net/ocasion/?pg=11&MaxPrice=2000&Tops=1&or=-1&fi=SortDate","SYM HD 125","1.200 €","22.522 km","124 cc","Girona","2005"
"1527110178-245","https://motos.coches.net/ocasion/?pg=11&MaxPrice=2000&Tops=1&or=-1&fi=SortDate","KEEWAY Superlight 125","1.650 €","10.559 km","124 cc","Toledo","2016"
"1527110192-385","https://motos.coches.net/ocasion/?pg=6&MaxPrice=2000&Tops=1&or=-1&fi=SortDate","YAMAHA Majesty 125","1.000 €","50.000 km","125 cc","Pontevedra","2005"
"1527110161-60","https://motos.coches.net/ocasion/?pg=18&MaxPrice=2000&Tops=1&or=-1&fi=SortDate","SYM Fiddle II 125 S","1.490 €","16.000 km","125 cc","Barcelona","2010"
"1527110173-193","https://motos.coches.net/ocasion/?pg=13&MaxPrice=2000&Tops=1&or=-1&fi=SortDate","MONTESA Cota 315 R","1.500 €","1.200 km","249 cc","Madrid","2000"
"1527110163-101","https://motos.coches.net/ocasion/?pg=17&MaxPrice=2000&Tops=1&or=-1&fi=SortDate","HONDA New Pantheon 150","1.199 €","45.400 km","150 cc","Madrid","2004"
"1527110200-476","https://motos.coches.net/ocasion/?pg=3&MaxPrice=2000&Tops=1&or=-1&fi=SortDate","KYMCO Super Dink 125i","1.799 €","14.300 km","125 cc","Navarra","2011"
"1527110181-274","https://motos.coches.net/ocasion/?pg=10&MaxPrice=2000&Tops=1&or=-1&fi=SortDate","PIAGGIO X9 125","1.300 €","33.200 km","124 cc","Madrid","2005"
"1527110195-419","https://motos.coches.net/ocasion/?pg=5&MaxPrice=2000&Tops=1&or=-1&fi=SortDate","YAMAHA SR 250 Special","850 €","43.300 km","250 cc","Castellón","1992"
"1527110195-426","https://motos.coches.net/ocasion/?pg=5&MaxPrice=2000&Tops=1&or=-1&fi=SortDate","PEUGEOT KISBEE 50","999 €","13.000 km","50 cc","Madrid","2012"
"1527110198-447","https://motos.coches.net/ocasion/?pg=4&MaxPrice=2000&Tops=1&or=-1&fi=SortDate","KYMCO Like 125","1.200 €","12.000 km","125 cc","Barcelona","2012"
"1527110158-29","https://motos.coches.net/ocasion/?pg=19&MaxPrice=2000&Tops=1&or=-1&fi=SortDate","KEEWAY Superlight 125 LE","1.799 €","6.814 km","125 cc","Madrid","2015"
"1527110187-336","https://motos.coches.net/ocasion/?pg=8&MaxPrice=2000&Tops=1&or=-1&fi=SortDate","HYOSUNG GV 125 AQUILA","1.599 €","24.104 km","124 cc","Málaga","2004"
"1527110176-218","https://motos.coches.net/ocasion/?pg=12&MaxPrice=2000&Tops=1&or=-1&fi=SortDate","HYOSUNG GV 650i AQUILA 30 Aniversario","1.700 €","59.000 km","647 cc","Barcelona","2007"
"1527110192-389","https://motos.coches.net/ocasion/?pg=6&MaxPrice=2000&Tops=1&or=-1&fi=SortDate","KYMCO Venox 250","1.500 €","16.200 km","249 cc","Córdoba","2004"
"1527110198-437","https://motos.coches.net/ocasion/?pg=4&MaxPrice=2000&Tops=1&or=-1&fi=SortDate","YAMAHA X MAX 250","1.690 €","41.550 km","249 cc","Madrid","2007"
"1527110163-79","https://motos.coches.net/ocasion/?pg=17&MaxPrice=2000&Tops=1&or=-1&fi=SortDate","PEUGEOT Citystar 50 2T","1.950 €","11.137 km","49 cc","Pontevedra","2016"
"1527110158-28","https://motos.coches.net/ocasion/?pg=19&MaxPrice=2000&Tops=1&or=-1&fi=SortDate","KEEWAY Zahara 125","1.699 €","N/D km","124 cc","Madrid","2017"
"1527110158-26","https://motos.coches.net/ocasion/?pg=19&MaxPrice=2000&Tops=1&or=-1&fi=SortDate","KEEWAY RKS 125","1.799 €","N/D km","124 cc","Madrid","2018"
"1527110190-360","https://motos.coches.net/ocasion/?pg=7&MaxPrice=2000&Tops=1&or=-1&fi=SortDate","APRILIA Compay 125","1.000 €","26.250 km","124 cc","Valencia","2005"
"1527110178-255","https://motos.coches.net/ocasion/?pg=11&MaxPrice=2000&Tops=1&or=-1&fi=SortDate","KAWASAKI Eliminator BN 125","1.299 €","12.000 km","124 cc","Ciudad Real","2005"
"1527110171-179","https://motos.coches.net/ocasion/?pg=14&MaxPrice=2000&Tops=1&or=-1&fi=SortDate","DAELIM Daystar 125","800 €","7.367 km","125 cc","Segovia","2005"
"1527110176-213","https://motos.coches.net/ocasion/?pg=12&MaxPrice=2000&Tops=1&or=-1&fi=SortDate","SYM Symphony 125 SR","1.400 €","3.030 km","125 cc","Barcelona","2016"
"1527110181-270","https://motos.coches.net/ocasion/?pg=10&MaxPrice=2000&Tops=1&or=-1&fi=SortDate","YAMAHA Cygnus X","700 €","32.200 km","124 cc","Madrid","2006"
"1527110200-477","https://motos.coches.net/ocasion/?pg=3&MaxPrice=2000&Tops=1&or=-1&fi=SortDate","HONDA VTR 250","2.000 €","46.000 km","250 cc","Barcelona","2000"
"1527110161-52","https://motos.coches.net/ocasion/?pg=18&MaxPrice=2000&Tops=1&or=-1&fi=SortDate","HONDA CBF 250","1.490 €","30.144 km","249 cc","Cáceres","2006"
"1527110173-197","https://motos.coches.net/ocasion/?pg=13&MaxPrice=2000&Tops=1&or=-1&fi=SortDate","DUCATI Indiana 350","1.500 €","30.000 km","350 cc","Castellón","1988"
"1527110158-34","https://motos.coches.net/ocasion/?pg=19&MaxPrice=2000&Tops=1&or=-1&fi=SortDate","DAELIM Daystar 125","1.299 €","22.236 km","125 cc","Madrid","2007"
"1527110166-129","https://motos.coches.net/ocasion/?pg=16&MaxPrice=2000&Tops=1&or=-1&fi=SortDate","MXONDA C5 125","1.099 €","5.992 km","124 cc","Madrid","2017"
"1527110195-403","https://motos.coches.net/ocasion/?pg=5&MaxPrice=2000&Tops=1&or=-1&fi=SortDate","HONDA PANTHEON 125","999 €","32.000 km","125 cc","Castellón","2007"
"1527110192-387","https://motos.coches.net/ocasion/?pg=6&MaxPrice=2000&Tops=1&or=-1&fi=SortDate","HONDA DYLAN 125","1.299 €","20.469 km","125 cc","Barcelona","2003"
"1527110187-333","https://motos.coches.net/ocasion/?pg=8&MaxPrice=2000&Tops=1&or=-1&fi=SortDate","APRILIA Compay 125 Custom","1.599 €","5.602 km","124 cc","Valencia","2008"
"1527110203-508","https://motos.coches.net/ocasion/?pg=2&MaxPrice=2000&Tops=1&or=-1&fi=SortDate","HONDA CBF 250","1.100 €","36.400 km","249 cc","Madrid","2005"
"1527110190-361","https://motos.coches.net/ocasion/?pg=7&MaxPrice=2000&Tops=1&or=-1&fi=SortDate","HONDA Lead 110","950 €","32.000 km","108 cc","Cádiz","2009"
"1527110198-451","https://motos.coches.net/ocasion/?pg=4&MaxPrice=2000&Tops=1&or=-1&fi=SortDate","HYOSUNG GT 250R","1.600 €","21.000 km","249 cc","Zaragoza","2006"
"1527110205-547","https://motos.coches.net/ocasion/?pg=1&MaxPrice=2000&Tops=1&or=-1&fi=SortDate","PIAGGIO ZIP 50 2T","1.799 €","6 km","50 cc","Huelva","2015"
"1527110192-394","https://motos.coches.net/ocasion/?pg=6&MaxPrice=2000&Tops=1&or=-1&fi=SortDate","DERBI RAMBLA 125","1.399 €","36.271 km","124 cc","Madrid","2011"
"1527110155-5","https://motos.coches.net/ocasion/?pg=20&MaxPrice=2000&Tops=1&or=-1&fi=SortDate","HONDA Passion 125 I.E.","1.300 €","27.600 km","124 cc","Málaga","2006"
"1527110178-261","https://motos.coches.net/ocasion/?pg=11&MaxPrice=2000&Tops=1&or=-1&fi=SortDate","KEEWAY Zahara 125","1.500 €","2.000 km","124 cc","Las Palmas","2018"
"1527110203-500","https://motos.coches.net/ocasion/?pg=2&MaxPrice=2000&Tops=1&or=-1&fi=SortDate","HYOSUNG GV 125 AQUILA","1.495 €","48.800 km","124 cc","Barcelona","2007"
"1527110161-54","https://motos.coches.net/ocasion/?pg=18&MaxPrice=2000&Tops=1&or=-1&fi=SortDate","PIAGGIO X9 125","1.699 €","29.884 km","124 cc","Madrid","2004"
"1527110198-454","https://motos.coches.net/ocasion/?pg=4&MaxPrice=2000&Tops=1&or=-1&fi=SortDate","VESPA TX 200","1.400 €","33.000 km","200 cc","Alicante","1988"
"1527110155-12","https://motos.coches.net/ocasion/?pg=20&MaxPrice=2000&Tops=1&or=-1&fi=SortDate","PIAGGIO FLY 125 ie 3V","1.500 €","5.530 km","124 cc","Murcia","2015"
"1527110195-430","https://motos.coches.net/ocasion/?pg=5&MaxPrice=2000&Tops=1&or=-1&fi=SortDate","YAMAHA XV 535","1.790 €","35.000 km","535 cc","Madrid","1991"
"1527110171-173","https://motos.coches.net/ocasion/?pg=14&MaxPrice=2000&Tops=1&or=-1&fi=SortDate","YAMAHA DT 125","1.800 €","11.500 km","124 cc","Barcelona","2004"
"1527110178-249","https://motos.coches.net/ocasion/?pg=11&MaxPrice=2000&Tops=1&or=-1&fi=SortDate","HONDA NSR 125 F","950 €","34.000 km","125 cc","Madrid","2008"
"1527110205-536","https://motos.coches.net/ocasion/?pg=1&MaxPrice=2000&Tops=1&or=-1&fi=SortDate","SUZUKI Bandit 650 S","1.400 €","104.000 km","656 cc","Castellón","2005"
"1527110176-235","https://motos.coches.net/ocasion/?pg=12&MaxPrice=2000&Tops=1&or=-1&fi=SortDate","SYM Fiddle II 125 S","1.450 €","5.800 km","125 cc","Pontevedra","2016"
"1527110205-522","https://motos.coches.net/ocasion/?pg=1&MaxPrice=2000&Tops=1&or=-1&fi=SortDate","KAWASAKI GPZ 500 S","1.700 €","13.000 km","500 cc","Barcelona","1991"
"1527110176-216","https://motos.coches.net/ocasion/?pg=12&MaxPrice=2000&Tops=1&or=-1&fi=SortDate","SYM Fiddle III 125","1.700 €","4.800 km","125 cc","Barcelona","2015"
"1527110171-164","https://motos.coches.net/ocasion/?pg=14&MaxPrice=2000&Tops=1&or=-1&fi=SortDate","SUZUKI Bandit 600","1.500 €","45.000 km","600 cc","Ciudad Real","2004"
"1527110190-355","https://motos.coches.net/ocasion/?pg=7&MaxPrice=2000&Tops=1&or=-1&fi=SortDate","SUZUKI Marauder 125","1.800 €","43.000 km","124 cc","Barcelona","2006"
"1527110155-4","https://motos.coches.net/ocasion/?pg=20&MaxPrice=2000&Tops=1&or=-1&fi=SortDate","DAELIM Daystar 125","1.100 €","16.500 km","125 cc","Pontevedra","2006"
"1527110187-334","https://motos.coches.net/ocasion/?pg=8&MaxPrice=2000&Tops=1&or=-1&fi=SortDate","TGB X-Motion 125 R","1.199 €","23.400 km","124 cc","Navarra","2010"
"1527110176-230","https://motos.coches.net/ocasion/?pg=12&MaxPrice=2000&Tops=1&or=-1&fi=SortDate","KYMCO Movie 125 XL","550 €","28.300 km","125 cc","Madrid","2007"
"1527110187-329","https://motos.coches.net/ocasion/?pg=8&MaxPrice=2000&Tops=1&or=-1&fi=SortDate","INDIAN Scout","N/D","N/D km","1.133 cc","Valladolid","2017"
"1527110181-290","https://motos.coches.net/ocasion/?pg=10&MaxPrice=2000&Tops=1&or=-1&fi=SortDate","PEUGEOT VIVACITY 125","1.500 €","16.976 km","125 cc","Asturias","2013"
"1527110171-180","https://motos.coches.net/ocasion/?pg=14&MaxPrice=2000&Tops=1&or=-1&fi=SortDate","VESPA LX 50 2T","1.350 €","6.800 km","49 cc","Segovia","2011"
"1527110195-432","https://motos.coches.net/ocasion/?pg=5&MaxPrice=2000&Tops=1&or=-1&fi=SortDate","HONDA PCX 125","1.950 €","6.805 km","125 cc","Lleida","2011"
"1527110161-67","https://motos.coches.net/ocasion/?pg=18&MaxPrice=2000&Tops=1&or=-1&fi=SortDate","HONDA CB 500","1.700 €","32.000 km","499 cc","Asturias","2002"
"1527110181-293","https://motos.coches.net/ocasion/?pg=10&MaxPrice=2000&Tops=1&or=-1&fi=SortDate","HONDA FORZA 250 X","1.900 €","37.000 km","249 cc","Valencia","2008"
"1527110181-291","https://motos.coches.net/ocasion/?pg=10&MaxPrice=2000&Tops=1&or=-1&fi=SortDate","HYOSUNG GV 250 AQUILA","1.750 €","10.500 km","249 cc","Albacete","2006"
"1527110171-168","https://motos.coches.net/ocasion/?pg=14&MaxPrice=2000&Tops=1&or=-1&fi=SortDate","SYM HD 200i EVO","1.000 €","22.000 km","171 cc","Barcelona","2009"
"1527110178-242","https://motos.coches.net/ocasion/?pg=11&MaxPrice=2000&Tops=1&or=-1&fi=SortDate","HONDA DYLAN 125","1.200 €","40.446 km","125 cc","Barcelona","2006"
"1527110171-162","https://motos.coches.net/ocasion/?pg=14&MaxPrice=2000&Tops=1&or=-1&fi=SortDate","APRILIA Compay 125 Custom","1.250 €","17.400 km","124 cc","Valencia","2005"
"1527110173-189","https://motos.coches.net/ocasion/?pg=13&MaxPrice=2000&Tops=1&or=-1&fi=SortDate","HYOSUNG GV 250 AQUILA","1.399 €","37.691 km","249 cc","Madrid","2004"
"1527110198-453","https://motos.coches.net/ocasion/?pg=4&MaxPrice=2000&Tops=1&or=-1&fi=SortDate","SUZUKI BURGMAN 150","750 €","47.000 km","150 cc","Madrid","2002"
"1527110187-321","https://motos.coches.net/ocasion/?pg=8&MaxPrice=2000&Tops=1&or=-1&fi=SortDate","HYOSUNG GV 250 AQUILA","1.350 €","21.000 km","249 cc","Valladolid","2006"
"1527110184-304","https://motos.coches.net/ocasion/?pg=9&MaxPrice=2000&Tops=1&or=-1&fi=SortDate","SUZUKI Marauder 250","1.099 €","35.000 km","249 cc","Tarragona","2006"
"1527110190-350","https://motos.coches.net/ocasion/?pg=7&MaxPrice=2000&Tops=1&or=-1&fi=SortDate","COOLTRA Cruiser 125","1.000 €","1.300 km","125 cc","Barcelona","2012"
"1527110171-184","https://motos.coches.net/ocasion/?pg=14&MaxPrice=2000&Tops=1&or=-1&fi=SortDate","HONDA CBR 1000 F","1.650 €","65.350 km","1.000 cc","Madrid","1990"
"1527110178-243","https://motos.coches.net/ocasion/?pg=11&MaxPrice=2000&Tops=1&or=-1&fi=SortDate","PEUGEOT TWEET 125","1.200 €","8.570 km","125 cc","Granada","2013"
"1527110200-475","https://motos.coches.net/ocasion/?pg=3&MaxPrice=2000&Tops=1&or=-1&fi=SortDate","KYMCO Grand Dink 125","1.100 €","16.300 km","125 cc","Valladolid","2009"
"1527110190-371","https://motos.coches.net/ocasion/?pg=7&MaxPrice=2000&Tops=1&or=-1&fi=SortDate","PIAGGIO LIBERTY 200","1.200 €","35.000 km","198 cc","Asturias","2005"
"1527110187-328","https://motos.coches.net/ocasion/?pg=8&MaxPrice=2000&Tops=1&or=-1&fi=SortDate","YAMAHA YBR 250","1.800 €","24.829 km","249 cc","Albacete","2008"
"1527110205-549","https://motos.coches.net/ocasion/?pg=1&MaxPrice=2000&Tops=1&or=-1&fi=SortDate","YAMAHA Majesty 125","1.290 €","32.000 km","125 cc","Barcelona","2008"
"1527110176-223","https://motos.coches.net/ocasion/?pg=12&MaxPrice=2000&Tops=1&or=-1&fi=SortDate","DAELIM Daystar 125 FI","1.400 €","11.520 km","124 cc","Barcelona","2013"
"1527110178-251","https://motos.coches.net/ocasion/?pg=11&MaxPrice=2000&Tops=1&or=-1&fi=SortDate","KAWASAKI Eliminator 125","1.600 €","22.603 km","124 cc","Guipúzcoa","2017"
"1527110203-491","https://motos.coches.net/ocasion/?pg=2&MaxPrice=2000&Tops=1&or=-1&fi=SortDate","SYM Jet 14 125","1.999 €","2.395 km","125 cc","Alicante","2017"
"1527110203-520","https://motos.coches.net/ocasion/?pg=2&MaxPrice=2000&Tops=1&or=-1&fi=SortDate","SUZUKI BURGMAN 200","1.790 €","34.000 km","200 cc","Barcelona","2007"
"1527110161-53","https://motos.coches.net/ocasion/?pg=18&MaxPrice=2000&Tops=1&or=-1&fi=SortDate","HONDA CB 250 TWO FIFTY","1.499 €","32.797 km","234 cc","Madrid","2000"
"1527110192-386","https://motos.coches.net/ocasion/?pg=6&MaxPrice=2000&Tops=1&or=-1&fi=SortDate","SUZUKI Marauder 250","1.600 €","22.000 km","249 cc","Córdoba","2000"
"1527110200-479","https://motos.coches.net/ocasion/?pg=3&MaxPrice=2000&Tops=1&or=-1&fi=SortDate","SUZUKI GS 500F","1.950 €","41.000 km","487 cc","Madrid","2007"
"1527110168-148","https://motos.coches.net/ocasion/?pg=15&MaxPrice=2000&Tops=1&or=-1&fi=SortDate","YAMAHA Aerox 50","800 €","1.537 km","49 cc","Lugo","2004"
"1527110163-82","https://motos.coches.net/ocasion/?pg=17&MaxPrice=2000&Tops=1&or=-1&fi=SortDate","YAMAHA Neo's 50","1.100 €","8.000 km","49 cc","Cádiz","2014"
"1527110190-356","https://motos.coches.net/ocasion/?pg=7&MaxPrice=2000&Tops=1&or=-1&fi=SortDate","PIAGGIO LIBERTY 125 4T","990 €","40.000 km","124 cc","Barcelona","2010"
"1527110176-232","https://motos.coches.net/ocasion/?pg=12&MaxPrice=2000&Tops=1&or=-1&fi=SortDate","SUZUKI GSF 600 Bandit S","1.900 €","50.000 km","600 cc","Cádiz","2003"
"1527110176-224","https://motos.coches.net/ocasion/?pg=12&MaxPrice=2000&Tops=1&or=-1&fi=SortDate","DAELIM S1 125 FI","1.450 €","7.500 km","125 cc","Valencia","2014"
"1527110192-377","https://motos.coches.net/ocasion/?pg=6&MaxPrice=2000&Tops=1&or=-1&fi=SortDate","YAMAHA SR 250 Special","1.300 €","49.000 km","250 cc","Alicante","1995"
"1527110181-267","https://motos.coches.net/ocasion/?pg=10&MaxPrice=2000&Tops=1&or=-1&fi=SortDate","KYMCO Super Dink 125i ABS","1.900 €","47.017 km","125 cc","Madrid","2011"
"1527110205-548","https://motos.coches.net/ocasion/?pg=1&MaxPrice=2000&Tops=1&or=-1&fi=SortDate","YAMAHA FZ6 S","N/D","90.000 km","600 cc","Málaga","2004"
"1527110203-501","https://motos.coches.net/ocasion/?pg=2&MaxPrice=2000&Tops=1&or=-1&fi=SortDate","YAMAHA Neo's 50","1.400 €","10.355 km","49 cc","Alicante","2016"
"1527110181-292","https://motos.coches.net/ocasion/?pg=10&MaxPrice=2000&Tops=1&or=-1&fi=SortDate","PIAGGIO X9 Evolution 250","850 €","71.500 km","244 cc","Madrid","2008"
"1527110173-205","https://motos.coches.net/ocasion/?pg=13&MaxPrice=2000&Tops=1&or=-1&fi=SortDate","PIAGGIO X8 STREET 125","1.600 €","1.314 km","124 cc","Madrid","2006"
"1527110181-280","https://motos.coches.net/ocasion/?pg=10&MaxPrice=2000&Tops=1&or=-1&fi=SortDate","HONDA Vision","1.999 €","1.405 km","108 cc","Cádiz","2016"
"1527110195-412","https://motos.coches.net/ocasion/?pg=5&MaxPrice=2000&Tops=1&or=-1&fi=SortDate","YAMAHA YP Majesty 400","2.000 €","72.700 km","395 cc","Barcelona","2007"
"1527110187-337","https://motos.coches.net/ocasion/?pg=8&MaxPrice=2000&Tops=1&or=-1&fi=SortDate","HONDA SCOOPY SH125","1.950 €","21.200 km","125 cc","Barcelona","2005"
"1527110192-379","https://motos.coches.net/ocasion/?pg=6&MaxPrice=2000&Tops=1&or=-1&fi=SortDate","YAMAHA TT R 50 E","1.399 €","10 km","50 cc","Sevilla","2011"
"1527110166-114","https://motos.coches.net/ocasion/?pg=16&MaxPrice=2000&Tops=1&or=-1&fi=SortDate","PEUGEOT VIVACITY 2","670 €","6.500 km","49 cc","Barcelona","2008"
"1527110200-465","https://motos.coches.net/ocasion/?pg=3&MaxPrice=2000&Tops=1&or=-1&fi=SortDate","YAMAHA Neo's 50","1.999 €","N/D km","49 cc","Valladolid","2018"
"1527110205-546","https://motos.coches.net/ocasion/?pg=1&MaxPrice=2000&Tops=1&or=-1&fi=SortDate","RIYA Knight 125","600 €","3.900 km","125 cc","Alicante","2015"
"1527110173-196","https://motos.coches.net/ocasion/?pg=13&MaxPrice=2000&Tops=1&or=-1&fi=SortDate","PIAGGIO beverly 125","750 €","44.000 km","124 cc","Madrid","2003"
"1527110203-510","https://motos.coches.net/ocasion/?pg=2&MaxPrice=2000&Tops=1&or=-1&fi=SortDate","PEUGEOT JET C-TECH 50","925 €","7.500 km","50 cc","Badajoz","2010"
"1527110205-542","https://motos.coches.net/ocasion/?pg=1&MaxPrice=2000&Tops=1&or=-1&fi=SortDate","KYMCO Agility CITY 125 2017","1.300 €","3.000 km","125 cc","Castellón","2017"
"1527110155-20","https://motos.coches.net/ocasion/?pg=20&MaxPrice=2000&Tops=1&or=-1&fi=SortDate","HONDA XL 125 Varadero","1.890 €","26.800 km","124 cc","Murcia","2002"
"1527110203-516","https://motos.coches.net/ocasion/?pg=2&MaxPrice=2000&Tops=1&or=-1&fi=SortDate","APRILIA Compay 125","1.490 €","14.000 km","124 cc","Zaragoza","2007"
"1527110176-217","https://motos.coches.net/ocasion/?pg=12&MaxPrice=2000&Tops=1&or=-1&fi=SortDate","KEEWAY RKV 125","1.100 €","10.600 km","124 cc","Barcelona","2012"
"1527110200-480","https://motos.coches.net/ocasion/?pg=3&MaxPrice=2000&Tops=1&or=-1&fi=SortDate","HONDA CBF 125","1.800 €","14.000 km","125 cc","Barcelona","2014"
"1527110181-275","https://motos.coches.net/ocasion/?pg=10&MaxPrice=2000&Tops=1&or=-1&fi=SortDate","HYOSUNG GT 125 Comet","1.400 €","7.000 km","125 cc","Valladolid","2009"
"1527110181-281","https://motos.coches.net/ocasion/?pg=10&MaxPrice=2000&Tops=1&or=-1&fi=SortDate","VESPA PK 75 S","1.500 €","14.700 km","75 cc","Tarragona","1983"
"1527110200-463","https://motos.coches.net/ocasion/?pg=3&MaxPrice=2000&Tops=1&or=-1&fi=SortDate","KYMCO People 125 GTi","1.990 €","24.000 km","125 cc","Barcelona","2011"
"1527110205-523","https://motos.coches.net/ocasion/?pg=1&MaxPrice=2000&Tops=1&or=-1&fi=SortDate","YAMAHA X MAX 250","999 €","70.000 km","249 cc","Barcelona","2007"
"1527110184-310","https://motos.coches.net/ocasion/?pg=9&MaxPrice=2000&Tops=1&or=-1&fi=SortDate","PIAGGIO HEXAGON GT 250 4T","750 €","42.800 km","244 cc","Zaragoza","1999"
"1527110155-7","https://motos.coches.net/ocasion/?pg=20&MaxPrice=2000&Tops=1&or=-1&fi=SortDate","VESPA LX 125","1.299 €","24.683 km","124 cc","Madrid","2006"
"1527110200-464","https://motos.coches.net/ocasion/?pg=3&MaxPrice=2000&Tops=1&or=-1&fi=SortDate","HONDA S-WING 150","1.490 €","40.000 km","150 cc","Barcelona","2009"
"1527110163-93","https://motos.coches.net/ocasion/?pg=17&MaxPrice=2000&Tops=1&or=-1&fi=SortDate","PEUGEOT GEOPOLIS 125 PREMIUM","1.950 €","25.421 km","125 cc","Pontevedra","2013"
"1527110195-429","https://motos.coches.net/ocasion/?pg=5&MaxPrice=2000&Tops=1&or=-1&fi=SortDate","KYMCO Xciting 500","1.999 €","65.000 km","498 cc","Madrid","2006"
"1527110171-170","https://motos.coches.net/ocasion/?pg=14&MaxPrice=2000&Tops=1&or=-1&fi=SortDate","DAELIM 125 FI F","1.500 €","5.500 km","124 cc","Guadalajara","2011"
"1527110163-99","https://motos.coches.net/ocasion/?pg=17&MaxPrice=2000&Tops=1&or=-1&fi=SortDate","DERBI ATLANTIS 50 4T","600 €","25 km","49 cc","Barcelona","2008"
"1527110163-74","https://motos.coches.net/ocasion/?pg=17&MaxPrice=2000&Tops=1&or=-1&fi=SortDate","HONDA CB 250 F","700 €","61.853 km","250 cc","Alicante","2005"
"1527110198-434","https://motos.coches.net/ocasion/?pg=4&MaxPrice=2000&Tops=1&or=-1&fi=SortDate","DAELIM Roadwin 125","1.350 €","7.248 km","125 cc","Madrid","2005"
"1527110168-138","https://motos.coches.net/ocasion/?pg=15&MaxPrice=2000&Tops=1&or=-1&fi=SortDate","KTM 600 GS","1.190 €","20.000 km","600 cc","Zaragoza","1997"
"1527110161-69","https://motos.coches.net/ocasion/?pg=18&MaxPrice=2000&Tops=1&or=-1&fi=SortDate","HUSQVARNA TXC 450","1.499 €","8.000 km","450 cc","Navarra","2008"
"1527110168-142","https://motos.coches.net/ocasion/?pg=15&MaxPrice=2000&Tops=1&or=-1&fi=SortDate","HONDA SCOOPY 75","850 €","24.000 km","75 cc","Barcelona","1992"
"1527110203-496","https://motos.coches.net/ocasion/?pg=2&MaxPrice=2000&Tops=1&or=-1&fi=SortDate","BETA ARK 50 LC","650 €","17.000 km","49 cc","Barcelona","2008"
"1527110171-165","https://motos.coches.net/ocasion/?pg=14&MaxPrice=2000&Tops=1&or=-1&fi=SortDate","YAMAHA XV 250 Virago","950 €","95.000 km","248 cc","Alicante","1999"
"1527110195-418","https://motos.coches.net/ocasion/?pg=5&MaxPrice=2000&Tops=1&or=-1&fi=SortDate","PIAGGIO Beverly 500","1.500 €","55.000 km","460 cc","Barcelona","2003"
"1527110171-178","https://motos.coches.net/ocasion/?pg=14&MaxPrice=2000&Tops=1&or=-1&fi=SortDate","HONDA CBF 250","1.300 €","17.000 km","249 cc","León","2006"
"1527110198-455","https://motos.coches.net/ocasion/?pg=4&MaxPrice=2000&Tops=1&or=-1&fi=SortDate","DERBI GPR 125 4T 4V","2.000 €","30.000 km","124 cc","Madrid","2011"
"1527110173-211","https://motos.coches.net/ocasion/?pg=13&MaxPrice=2000&Tops=1&or=-1&fi=SortDate","HONDA CBF 250","1.200 €","31.000 km","249 cc","Guadalajara","2006"
"1527110195-428","https://motos.coches.net/ocasion/?pg=5&MaxPrice=2000&Tops=1&or=-1&fi=SortDate","MH MOTORCYCLES NKZ","1.699 €","3.000 km","125 cc","Madrid","2016"
"1527110198-460","https://motos.coches.net/ocasion/?pg=4&MaxPrice=2000&Tops=1&or=-1&fi=SortDate","MALAGUTI Phantom F12 R AC","800 €","10.290 km","49 cc","Valencia","2011"
"1527110190-366","https://motos.coches.net/ocasion/?pg=7&MaxPrice=2000&Tops=1&or=-1&fi=SortDate","HONDA CB 125 F","1.900 €","8.000 km","125 cc","Las Palmas","2016"
"1527110176-222","https://motos.coches.net/ocasion/?pg=12&MaxPrice=2000&Tops=1&or=-1&fi=SortDate","MXONDA E-Space 125","1.250 €","7.500 km","125 cc","Madrid","2016"
"1527110187-335","https://motos.coches.net/ocasion/?pg=8&MaxPrice=2000&Tops=1&or=-1&fi=SortDate","VESPA LX 50 2T","1.150 €","11.200 km","49 cc","Barcelona","2008"
"1527110166-123","https://motos.coches.net/ocasion/?pg=16&MaxPrice=2000&Tops=1&or=-1&fi=SortDate","YAMAHA XJ 600 N DIVERSION","1.100 €","53.000 km","598 cc","Zaragoza","2002"
"1527110192-395","https://motos.coches.net/ocasion/?pg=6&MaxPrice=2000&Tops=1&or=-1&fi=SortDate","VESPA TX 200","1.790 €","11.006 km","200 cc","Pontevedra","1991"
"1527110190-357","https://motos.coches.net/ocasion/?pg=7&MaxPrice=2000&Tops=1&or=-1&fi=SortDate","HONDA CB 250 TWO FIFTY","1.700 €","60.000 km","234 cc","Barcelona","2003"
"1527110205-529","https://motos.coches.net/ocasion/?pg=1&MaxPrice=2000&Tops=1&or=-1&fi=SortDate","SUZUKI BURGMAN 125 Executive","1.600 €","39.000 km","124 cc","Madrid","2012"
"1527110168-133","https://motos.coches.net/ocasion/?pg=15&MaxPrice=2000&Tops=1&or=-1&fi=SortDate","YAMAHA Majesty 400","1.800 €","63.000 km","395 cc","Madrid","2007"
"1527110173-199","https://motos.coches.net/ocasion/?pg=13&MaxPrice=2000&Tops=1&or=-1&fi=SortDate","HONDA Innova 125","950 €","33.000 km","125 cc","Barcelona","2004"
"1527110155-21","https://motos.coches.net/ocasion/?pg=20&MaxPrice=2000&Tops=1&or=-1&fi=SortDate","KYMCO Xciting 500","1.950 €","30.000 km","498 cc","Vizcaya","2006"
"1527110200-478","https://motos.coches.net/ocasion/?pg=3&MaxPrice=2000&Tops=1&or=-1&fi=SortDate","DAELIM Roadwin 125 FI","1.099 €","14.051 km","124 cc","Málaga","2010"
"1527110184-303","https://motos.coches.net/ocasion/?pg=9&MaxPrice=2000&Tops=1&or=-1&fi=SortDate","GOES G 125 GP EFI","1.700 €","100 km","125 cc","Almería","2018"
"1527110184-318","https://motos.coches.net/ocasion/?pg=9&MaxPrice=2000&Tops=1&or=-1&fi=SortDate","PIAGGIO LIBERTY 125 4T","1.200 €","53.000 km","124 cc","Madrid","2010"
"1527110168-134","https://motos.coches.net/ocasion/?pg=15&MaxPrice=2000&Tops=1&or=-1&fi=SortDate","SUZUKI SV 650 S","2.000 €","46.000 km","645 cc","Guipúzcoa","2004"
"1527110171-183","https://motos.coches.net/ocasion/?pg=14&MaxPrice=2000&Tops=1&or=-1&fi=SortDate","HONDA Vision 110","1.650 €","1.086 km","110 cc","Valencia","2016"
"1527110195-423","https://motos.coches.net/ocasion/?pg=5&MaxPrice=2000&Tops=1&or=-1&fi=SortDate","KAWASAKI Z 750","1.900 €","65.000 km","748 cc","Barcelona","2005"
"1527110178-257","https://motos.coches.net/ocasion/?pg=11&MaxPrice=2000&Tops=1&or=-1&fi=SortDate","SYM Symphony 125 SR","1.390 €","18.706 km","125 cc","Madrid","2013"
"1527110184-298","https://motos.coches.net/ocasion/?pg=9&MaxPrice=2000&Tops=1&or=-1&fi=SortDate","SUZUKI GSX 750 F","990 €","60.000 km","750 cc","Lleida","1991"
"1527110173-201","https://motos.coches.net/ocasion/?pg=13&MaxPrice=2000&Tops=1&or=-1&fi=SortDate","BETA RR 50 Enduro","799 €","9.800 km","49 cc","Navarra","2007"
"1527110166-115","https://motos.coches.net/ocasion/?pg=16&MaxPrice=2000&Tops=1&or=-1&fi=SortDate","HONDA PCX 125","1.500 €","38.000 km","125 cc","Sevilla","2010"
"1527110203-499","https://motos.coches.net/ocasion/?pg=2&MaxPrice=2000&Tops=1&or=-1&fi=SortDate","PIAGGIO X EVO 125","1.890 €","25.000 km","124 cc","Barcelona","2011"
"1527110181-283","https://motos.coches.net/ocasion/?pg=10&MaxPrice=2000&Tops=1&or=-1&fi=SortDate","VESPA Cosa 125","1.899 €","21.427 km","125 cc","Madrid","1995"
"1527110195-409","https://motos.coches.net/ocasion/?pg=5&MaxPrice=2000&Tops=1&or=-1&fi=SortDate","GILERA Runner 50 SP","550 €","15.000 km","49 cc","Barcelona","2004"
"1527110195-420","https://motos.coches.net/ocasion/?pg=5&MaxPrice=2000&Tops=1&or=-1&fi=SortDate","SUZUKI GS 500F","1.799 €","28.551 km","487 cc","A Coruña","2005"
"1527110200-488","https://motos.coches.net/ocasion/?pg=3&MaxPrice=2000&Tops=1&or=-1&fi=SortDate","PIAGGIO X9 Evolution 250","1.700 €","24.126 km","244 cc","Madrid","2004"
"1527110158-27","https://motos.coches.net/ocasion/?pg=19&MaxPrice=2000&Tops=1&or=-1&fi=SortDate","KEEWAY RKS 125 Sport","1.999 €","N/D km","124 cc","Madrid","2018"
"1527110184-294","https://motos.coches.net/ocasion/?pg=9&MaxPrice=2000&Tops=1&or=-1&fi=SortDate","SYM Symphony 125 SR","1.400 €","14.560 km","125 cc","Granada","2011"
"1527110166-113","https://motos.coches.net/ocasion/?pg=16&MaxPrice=2000&Tops=1&or=-1&fi=SortDate","DAELIM Besbi 125","1.500 €","N/D km","125 cc","Barcelona","2017"
"1527110205-537","https://motos.coches.net/ocasion/?pg=1&MaxPrice=2000&Tops=1&or=-1&fi=SortDate","SUZUKI SV 650","1.990 €","72.000 km","645 cc","Barcelona","2006"
"1527110184-309","https://motos.coches.net/ocasion/?pg=9&MaxPrice=2000&Tops=1&or=-1&fi=SortDate","KYMCO Agility CITY 125","1.200 €","18.000 km","125 cc","Barcelona","2015"
"1527110195-407","https://motos.coches.net/ocasion/?pg=5&MaxPrice=2000&Tops=1&or=-1&fi=SortDate","SUMCO Surf VR250","1.350 €","12.000 km","124 cc","Cantabria","2011"
"1527110205-521","https://motos.coches.net/ocasion/?pg=1&MaxPrice=2000&Tops=1&or=-1&fi=SortDate","HONDA CB 125 F","1.500 €","2.985 km","125 cc","Alicante","2014"
"1527110200-462","https://motos.coches.net/ocasion/?pg=3&MaxPrice=2000&Tops=1&or=-1&fi=SortDate","PIAGGIO LIBERTY 124 4T","1.200 €","36.000 km","124 cc","Barcelona","2006"
"1527110171-187","https://motos.coches.net/ocasion/?pg=14&MaxPrice=2000&Tops=1&or=-1&fi=SortDate","DAELIM S3 125 FI","1.800 €","28.950 km","124 cc","Barcelona","2013"
"1527110184-315","https://motos.coches.net/ocasion/?pg=9&MaxPrice=2000&Tops=1&or=-1&fi=SortDate","KYMCO Super Dink 300i","1.900 €","39.000 km","300 cc","Madrid","2011"
"1527110158-36","https://motos.coches.net/ocasion/?pg=19&MaxPrice=2000&Tops=1&or=-1&fi=SortDate","HANWAY Scrambler 125","1.995 €","N/D km","125 cc","Madrid","2016"
"1527110163-89","https://motos.coches.net/ocasion/?pg=17&MaxPrice=2000&Tops=1&or=-1&fi=SortDate","PIAGGIO X7 EVO 125 ie","1.500 €","29.000 km","124 cc","Valencia","2012"
"1527110184-311","https://motos.coches.net/ocasion/?pg=9&MaxPrice=2000&Tops=1&or=-1&fi=SortDate","HONDA XR 250","1.900 €","13.000 km","249 cc","Navarra","2008"
"1527110184-316","https://motos.coches.net/ocasion/?pg=9&MaxPrice=2000&Tops=1&or=-1&fi=SortDate","HONDA S-WING 125","1.800 €","21.800 km","125 cc","Girona","2007"
"1527110163-98","https://motos.coches.net/ocasion/?pg=17&MaxPrice=2000&Tops=1&or=-1&fi=SortDate","SUZUKI BURGMAN 250","1.900 €","4.200 km","250 cc","Cantabria","2007"
"1527110166-118","https://motos.coches.net/ocasion/?pg=16&MaxPrice=2000&Tops=1&or=-1&fi=SortDate","HYOSUNG GV 250I","1.690 €","9.601 km","250 cc","Cáceres","2009"
"1527110166-130","https://motos.coches.net/ocasion/?pg=16&MaxPrice=2000&Tops=1&or=-1&fi=SortDate","RIEJU MARATHON Supermotard AC 125","2.000 €","3.885 km","125 cc","Guipúzcoa","2015"
"1527110190-358","https://motos.coches.net/ocasion/?pg=7&MaxPrice=2000&Tops=1&or=-1&fi=SortDate","HONDA FORZA 250 X","1.999 €","28.800 km","250 cc","Barcelona","2005"
"1527110168-139","https://motos.coches.net/ocasion/?pg=15&MaxPrice=2000&Tops=1&or=-1&fi=SortDate","MASH Cafe Racer","1.900 €","1.600 km","124 cc","Madrid","2017"
"1527110192-374","https://motos.coches.net/ocasion/?pg=6&MaxPrice=2000&Tops=1&or=-1&fi=SortDate","KYMCO Agility CITY 125","1.650 €","1.600 km","125 cc","Murcia","2016"
"1527110181-272","https://motos.coches.net/ocasion/?pg=10&MaxPrice=2000&Tops=1&or=-1&fi=SortDate","KYMCO Zing II Darkside 125","850 €","21.305 km","124 cc","Madrid","2007"
"1527110200-481","https://motos.coches.net/ocasion/?pg=3&MaxPrice=2000&Tops=1&or=-1&fi=SortDate","HYOSUNG GV 650i AQUILA Hyperblack","1.990 €","35.000 km","647 cc","Barcelona","2008"
"1527110171-174","https://motos.coches.net/ocasion/?pg=14&MaxPrice=2000&Tops=1&or=-1&fi=SortDate","HONDA NT 650 V DEAUVILLE","2.000 €","54.000 km","647 cc","Vizcaya","2001"
"1527110166-120","https://motos.coches.net/ocasion/?pg=16&MaxPrice=2000&Tops=1&or=-1&fi=SortDate","RIEJU MRX 50","1.199 €","10.300 km","50 cc","Navarra","2008"
"1527110181-278","https://motos.coches.net/ocasion/?pg=10&MaxPrice=2000&Tops=1&or=-1&fi=SortDate","HONDA SCOOPY SH125i","1.699 €","36.342 km","125 cc","Barcelona","2009"
"1527110203-504","https://motos.coches.net/ocasion/?pg=2&MaxPrice=2000&Tops=1&or=-1&fi=SortDate","SUZUKI BURGMAN 250","1.950 €","18.900 km","250 cc","Zaragoza","2007"
"1527110187-327","https://motos.coches.net/ocasion/?pg=8&MaxPrice=2000&Tops=1&or=-1&fi=SortDate","GAS GAS CONTACT TXT 125","1.300 €","1.000 km","124 cc","Guipúzcoa","2002"
"1527110178-240","https://motos.coches.net/ocasion/?pg=11&MaxPrice=2000&Tops=1&or=-1&fi=SortDate","HONDA PCX 125","1.600 €","19.000 km","125 cc","Sevilla","2010"
"1527110203-509","https://motos.coches.net/ocasion/?pg=2&MaxPrice=2000&Tops=1&or=-1&fi=SortDate","HONDA CBF 125","1.400 €","31.000 km","125 cc","Pontevedra","2013"
"1527110161-57","https://motos.coches.net/ocasion/?pg=18&MaxPrice=2000&Tops=1&or=-1&fi=SortDate","WOTTAN storm 125","1.790 €","3.300 km","125 cc","Granada","2017"
"1527110163-81","https://motos.coches.net/ocasion/?pg=17&MaxPrice=2000&Tops=1&or=-1&fi=SortDate","LML STAR 125 4T automatico","1.200 €","11.500 km","125 cc","Cantabria","2014"
"1527110205-530","https://motos.coches.net/ocasion/?pg=1&MaxPrice=2000&Tops=1&or=-1&fi=SortDate","YAMAHA X MAX 125","1.850 €","23.000 km","124 cc","Sevilla","2007"
"1527110171-185","https://motos.coches.net/ocasion/?pg=14&MaxPrice=2000&Tops=1&or=-1&fi=SortDate","YAMAHA XV 750 Virago","1.500 €","57.000 km","748 cc","Granada","1986"
"1527110161-48","https://motos.coches.net/ocasion/?pg=18&MaxPrice=2000&Tops=1&or=-1&fi=SortDate","HANWAY Raw 125 SR Sport","1.895 €","1 km","123 cc","Cáceres","2018"
"1527110205-527","https://motos.coches.net/ocasion/?pg=1&MaxPrice=2000&Tops=1&or=-1&fi=SortDate","HONDA CB 600 F","1.500 €","80.155 km","599 cc","Tarragona","2006"
"1527110178-260","https://motos.coches.net/ocasion/?pg=11&MaxPrice=2000&Tops=1&or=-1&fi=SortDate","PIAGGIO beverly Cruiser 250 ie","2.000 €","12.000 km","244 cc","Barcelona","2009"
"1527110176-212","https://motos.coches.net/ocasion/?pg=12&MaxPrice=2000&Tops=1&or=-1&fi=SortDate","PEUGEOT TWEET 125","1.400 €","4.900 km","125 cc","Valencia","2016"
"1527110168-157","https://motos.coches.net/ocasion/?pg=15&MaxPrice=2000&Tops=1&or=-1&fi=SortDate","SUZUKI GSX 600F","1.500 €","24.000 km","599 cc","Madrid","2002"
"1527110184-299","https://motos.coches.net/ocasion/?pg=9&MaxPrice=2000&Tops=1&or=-1&fi=SortDate","YAMAHA YZ 85","1.900 €","N/D km","85 cc","Alicante","2009"
"1527110166-108","https://motos.coches.net/ocasion/?pg=16&MaxPrice=2000&Tops=1&or=-1&fi=SortDate","DAELIM Daystar 125 FI","1.200 €","9.800 km","124 cc","Alicante","2009"
"1527110155-19","https://motos.coches.net/ocasion/?pg=20&MaxPrice=2000&Tops=1&or=-1&fi=SortDate","PIAGGIO X9 125","1.700 €","29.650 km","124 cc","Madrid","2005"
"1527110203-518","https://motos.coches.net/ocasion/?pg=2&MaxPrice=2000&Tops=1&or=-1&fi=SortDate","SUZUKI BURGMAN 400 S","1.795 €","55.500 km","385 cc","Madrid","2006"
"1527110200-469","https://motos.coches.net/ocasion/?pg=3&MaxPrice=2000&Tops=1&or=-1&fi=SortDate","HONDA CBR 600F","950 €","82.000 km","600 cc","Madrid","1992"
"1527110155-14","https://motos.coches.net/ocasion/?pg=20&MaxPrice=2000&Tops=1&or=-1&fi=SortDate","SUZUKI RM 125","2.000 €","5.000 km","125 cc","Barcelona","2005"
"1527110155-11","https://motos.coches.net/ocasion/?pg=20&MaxPrice=2000&Tops=1&or=-1&fi=SortDate","KEEWAY Superlight 125","1.299 €","13.602 km","124 cc","Madrid","2014"
"1527110205-532","https://motos.coches.net/ocasion/?pg=1&MaxPrice=2000&Tops=1&or=-1&fi=SortDate","HONDA CBR 600","1.700 €","50.000 km","600 cc","Granada","1992"
"1527110171-176","https://motos.coches.net/ocasion/?pg=14&MaxPrice=2000&Tops=1&or=-1&fi=SortDate","KYMCO Venox 250i","1.550 €","38.000 km","249 cc","Murcia","2007"
"1527110195-405","https://motos.coches.net/ocasion/?pg=5&MaxPrice=2000&Tops=1&or=-1&fi=SortDate","APRILIA RS 125","1.200 €","30.000 km","125 cc","Guipúzcoa","1999"
"1527110176-237","https://motos.coches.net/ocasion/?pg=12&MaxPrice=2000&Tops=1&or=-1&fi=SortDate","SUZUKI BURGMAN 125","1.900 €","25.000 km","125 cc","Málaga","2011"
"1527110184-313","https://motos.coches.net/ocasion/?pg=9&MaxPrice=2000&Tops=1&or=-1&fi=SortDate","HONDA SCOOPY SH300i TopBox","1.450 €","98.000 km","279 cc","Barcelona","2007"
"1527110205-528","https://motos.coches.net/ocasion/?pg=1&MaxPrice=2000&Tops=1&or=-1&fi=SortDate","GAS GAS EC 125","1.950 €","3.000 km","124 cc","Navarra","2006"
"1527110155-15","https://motos.coches.net/ocasion/?pg=20&MaxPrice=2000&Tops=1&or=-1&fi=SortDate","HONDA Passion 150 I.E.","1.200 €","22.500 km","153 cc","Madrid","2006"
"1527110200-474","https://motos.coches.net/ocasion/?pg=3&MaxPrice=2000&Tops=1&or=-1&fi=SortDate","YAMAHA YBR 250","1.500 €","18.000 km","249 cc","Barcelona","2008"
"1527110176-236","https://motos.coches.net/ocasion/?pg=12&MaxPrice=2000&Tops=1&or=-1&fi=SortDate","YAMAHA YZ 125","1.799 €","4.500 km","124 cc","Navarra","2004"
"1527110168-155","https://motos.coches.net/ocasion/?pg=15&MaxPrice=2000&Tops=1&or=-1&fi=SortDate","APRILIA SR 50 LC Stealth","650 €","18.000 km","50 cc","Murcia","2006"
"1527110184-314","https://motos.coches.net/ocasion/?pg=9&MaxPrice=2000&Tops=1&or=-1&fi=SortDate","PIAGGIO X EVO 125","1.500 €","8.000 km","124 cc","Madrid","2014"
"1527110192-383","https://motos.coches.net/ocasion/?pg=6&MaxPrice=2000&Tops=1&or=-1&fi=SortDate","SUZUKI GS 500","1.500 €","29.000 km","487 cc","Valladolid","2002"
"1527110171-175","https://motos.coches.net/ocasion/?pg=14&MaxPrice=2000&Tops=1&or=-1&fi=SortDate","HONDA NTV 650 REVERE","1.000 €","77.000 km","650 cc","Barcelona","1993"
"1527110184-300","https://motos.coches.net/ocasion/?pg=9&MaxPrice=2000&Tops=1&or=-1&fi=SortDate","HONDA SCOOPY SH150i Confort","1.100 €","49.800 km","153 cc","Guipúzcoa","2007"
"1527110195-431","https://motos.coches.net/ocasion/?pg=5&MaxPrice=2000&Tops=1&or=-1&fi=SortDate","GOES G 50 X Cross","750 €","6.000 km","49 cc","Barcelona","2007"
"1527110192-401","https://motos.coches.net/ocasion/?pg=6&MaxPrice=2000&Tops=1&or=-1&fi=SortDate","PIAGGIO X9 EVOLUTION 500 ABS","1.350 €","74.000 km","460 cc","Madrid","2006"
"1527110205-539","https://motos.coches.net/ocasion/?pg=1&MaxPrice=2000&Tops=1&or=-1&fi=SortDate","KEEWAY Focus 50","300 €","13.200 km","49 cc","Barcelona","2006"
"1527110176-227","https://motos.coches.net/ocasion/?pg=12&MaxPrice=2000&Tops=1&or=-1&fi=SortDate","BETA ARK 50 AC","700 €","13.764 km","49 cc","Guipúzcoa","2004"
"1527110181-266","https://motos.coches.net/ocasion/?pg=10&MaxPrice=2000&Tops=1&or=-1&fi=SortDate","HANWAY Raw 125 Cafe Racer","1.599 €","3.200 km","123 cc","Navarra","2016"
"1527110205-545","https://motos.coches.net/ocasion/?pg=1&MaxPrice=2000&Tops=1&or=-1&fi=SortDate","APRILIA RS 50","1.200 €","5.000 km","49 cc","Valencia","2008"
"1527110198-457","https://motos.coches.net/ocasion/?pg=4&MaxPrice=2000&Tops=1&or=-1&fi=SortDate","BULTACO Frontera MK11 370","1.000 €","5.000 km","350 cc","Castellón","1979"
"1527110176-233","https://motos.coches.net/ocasion/?pg=12&MaxPrice=2000&Tops=1&or=-1&fi=SortDate","DAELIM Roadwin 125","900 €","29.000 km","125 cc","Barcelona","2005"
"1527110203-492","https://motos.coches.net/ocasion/?pg=2&MaxPrice=2000&Tops=1&or=-1&fi=SortDate","KAWASAKI GPZ 500 S","1.500 €","69.000 km","498 cc","Granada","1995"
"1527110158-45","https://motos.coches.net/ocasion/?pg=19&MaxPrice=2000&Tops=1&or=-1&fi=SortDate","DAELIM S3 125 FI Touring","1.350 €","39.295 km","124 cc","Valencia","2012"
"1527110166-109","https://motos.coches.net/ocasion/?pg=16&MaxPrice=2000&Tops=1&or=-1&fi=SortDate","YAMAHA XV 535 DX Virago","1.800 €","22.000 km","535 cc","Madrid","1997"
"1527110168-147","https://motos.coches.net/ocasion/?pg=15&MaxPrice=2000&Tops=1&or=-1&fi=SortDate","PIAGGIO X7 125","1.300 €","33.200 km","124 cc","Girona","2008"
"1527110163-92","https://motos.coches.net/ocasion/?pg=17&MaxPrice=2000&Tops=1&or=-1&fi=SortDate","PEUGEOT SATELIS 125 4V AVENUE","1.390 €","20.000 km","125 cc","Barcelona","2008"
"1527110190-367","https://motos.coches.net/ocasion/?pg=7&MaxPrice=2000&Tops=1&or=-1&fi=SortDate","SUZUKI Marauder 250","1.200 €","23.000 km","249 cc","León","2006"
"1527110173-210","https://motos.coches.net/ocasion/?pg=13&MaxPrice=2000&Tops=1&or=-1&fi=SortDate","KYMCO Venox 250","1.399 €","58.800 km","249 cc","Madrid","2006"
"1527110200-467","https://motos.coches.net/ocasion/?pg=3&MaxPrice=2000&Tops=1&or=-1&fi=SortDate","SYM Fiddle III 125","1.450 €","13.000 km","125 cc","Barcelona","2013"
"1527110195-417","https://motos.coches.net/ocasion/?pg=5&MaxPrice=2000&Tops=1&or=-1&fi=SortDate","APRILIA SL 1000 Falco","1.800 €","56.000 km","998 cc","Madrid","2002"
"1527110163-94","https://motos.coches.net/ocasion/?pg=17&MaxPrice=2000&Tops=1&or=-1&fi=SortDate","SUZUKI Intruder 125","1.499 €","50.900 km","124 cc","Cádiz","2006"
"1527110198-441","https://motos.coches.net/ocasion/?pg=4&MaxPrice=2000&Tops=1&or=-1&fi=SortDate","SUZUKI TU 250 X","1.000 €","40.000 km","249 cc","Zaragoza","1995"
"1527110158-24","https://motos.coches.net/ocasion/?pg=19&MaxPrice=2000&Tops=1&or=-1&fi=SortDate","KEEWAY TX 125","1.849 €","19.613 km","125 cc","Madrid","2016"
"1527110190-353","https://motos.coches.net/ocasion/?pg=7&MaxPrice=2000&Tops=1&or=-1&fi=SortDate","PIAGGIO VESPA LX 125","1.200 €","25.000 km","125 cc","Barcelona","2007"
"1527110158-30","https://motos.coches.net/ocasion/?pg=19&MaxPrice=2000&Tops=1&or=-1&fi=SortDate","KEEWAY Superlight 125 LE","1.799 €","8.152 km","125 cc","Madrid","2016"
"1527110198-446","https://motos.coches.net/ocasion/?pg=4&MaxPrice=2000&Tops=1&or=-1&fi=SortDate","RIEJU TANGO 125","900 €","17.000 km","125 cc","Albacete","2006"
"1527110190-368","https://motos.coches.net/ocasion/?pg=7&MaxPrice=2000&Tops=1&or=-1&fi=SortDate","APRILIA SR 50 R","800 €","12.000 km","49 cc","Madrid","2007"
"1527110163-96","https://motos.coches.net/ocasion/?pg=17&MaxPrice=2000&Tops=1&or=-1&fi=SortDate","SUZUKI BURGMAN 125","1.100 €","22.000 km","124 cc","Castellón","2004"
"1527110192-396","https://motos.coches.net/ocasion/?pg=6&MaxPrice=2000&Tops=1&or=-1&fi=SortDate","HONDA CB 250 TWO FIFTY","1.590 €","28.900 km","234 cc","Madrid","2001"
"1527110181-268","https://motos.coches.net/ocasion/?pg=10&MaxPrice=2000&Tops=1&or=-1&fi=SortDate","PIAGGIO LIBERTY 124 4T","700 €","32.200 km","124 cc","Barcelona","2001"
"1527110190-352","https://motos.coches.net/ocasion/?pg=7&MaxPrice=2000&Tops=1&or=-1&fi=SortDate","YAMAHA XJ 650","1.650 €","49.000 km","650 cc","Madrid","1982"
"1527110181-284","https://motos.coches.net/ocasion/?pg=10&MaxPrice=2000&Tops=1&or=-1&fi=SortDate","HONDA SCOOPY SH300i C-ABS","1.599 €","84.000 km","279 cc","Málaga","2008"
"1527110158-37","https://motos.coches.net/ocasion/?pg=19&MaxPrice=2000&Tops=1&or=-1&fi=SortDate","HANWAY Raw 125 Cafe Racer","1.299 €","7.069 km","123 cc","Madrid","2016"
"1527110190-363","https://motos.coches.net/ocasion/?pg=7&MaxPrice=2000&Tops=1&or=-1&fi=SortDate","SYM Symphony 125 DD","1.690 €","8.000 km","125 cc","Barcelona","2012"
"1527110198-439","https://motos.coches.net/ocasion/?pg=4&MaxPrice=2000&Tops=1&or=-1&fi=SortDate","KEEWAY RKV 125","1.350 €","12.000 km","124 cc","Madrid","2010"
"1527110158-31","https://motos.coches.net/ocasion/?pg=19&MaxPrice=2000&Tops=1&or=-1&fi=SortDate","KEEWAY Superlight 125","1.299 €","28.898 km","124 cc","Madrid","2014"
"1527110163-86","https://motos.coches.net/ocasion/?pg=17&MaxPrice=2000&Tops=1&or=-1&fi=SortDate","MTR Mallorca 125","1.200 €","5.000 km","125 cc","Madrid","2009"
"1527110203-503","https://motos.coches.net/ocasion/?pg=2&MaxPrice=2000&Tops=1&or=-1&fi=SortDate","SUZUKI BURGMAN 125","1.990 €","30.000 km","124 cc","Barcelona","2007"
"1527110187-331","https://motos.coches.net/ocasion/?pg=8&MaxPrice=2000&Tops=1&or=-1&fi=SortDate","VESPA LX 125","1.599 €","29.036 km","124 cc","Madrid","2009"
"1527110155-6","https://motos.coches.net/ocasion/?pg=20&MaxPrice=2000&Tops=1&or=-1&fi=SortDate","VESPA LX 125 ie","1.299 €","24.683 km","124 cc","Madrid","2006"
"1527110192-402","https://motos.coches.net/ocasion/?pg=6&MaxPrice=2000&Tops=1&or=-1&fi=SortDate","HYOSUNG GV 125 AQUILA","1.800 €","4.900 km","124 cc","Valladolid","2006"
"1527110163-73","https://motos.coches.net/ocasion/?pg=17&MaxPrice=2000&Tops=1&or=-1&fi=SortDate","SYM Symphony 125 SR Sport","1.150 €","23.000 km","125 cc","Madrid","2014"
"1527110195-414","https://motos.coches.net/ocasion/?pg=5&MaxPrice=2000&Tops=1&or=-1&fi=SortDate","BMW K 100 LT","1.875 €","95.000 km","1.000 cc","Madrid","1989"
"1527110195-425","https://motos.coches.net/ocasion/?pg=5&MaxPrice=2000&Tops=1&or=-1&fi=SortDate","PIAGGIO LIBERTY 125 4T","1.399 €","16.000 km","124 cc","Madrid","2011"
"1527110203-517","https://motos.coches.net/ocasion/?pg=2&MaxPrice=2000&Tops=1&or=-1&fi=SortDate","APRILIA Pegaso 650 ie","1.500 €","51.400 km","652 cc","Valladolid","2002"
"1527110166-116","https://motos.coches.net/ocasion/?pg=16&MaxPrice=2000&Tops=1&or=-1&fi=SortDate","KYMCO Zing II 125","1.200 €","29.000 km","124 cc","Valladolid","2006"
"1527110161-50","https://motos.coches.net/ocasion/?pg=18&MaxPrice=2000&Tops=1&or=-1&fi=SortDate","HONDA CB 250 F","1.590 €","13.266 km","250 cc","Cáceres","2002"
"1527110163-80","https://motos.coches.net/ocasion/?pg=17&MaxPrice=2000&Tops=1&or=-1&fi=SortDate","YAMAHA Majesty 400","1.750 €","94.000 km","395 cc","Barcelona","2006"
"1527110173-192","https://motos.coches.net/ocasion/?pg=13&MaxPrice=2000&Tops=1&or=-1&fi=SortDate","PEUGEOT GEOPOLIS 250 PREMIUM","1.199 €","63.082 km","244 cc","Valencia","2008"
"1527110184-305","https://motos.coches.net/ocasion/?pg=9&MaxPrice=2000&Tops=1&or=-1&fi=SortDate","YAMAHA X-CITY 250","1.100 €","50.000 km","249 cc","Madrid","2008"
"1527110176-220","https://motos.coches.net/ocasion/?pg=12&MaxPrice=2000&Tops=1&or=-1&fi=SortDate","YAMAHA YBR 125","1.100 €","25.000 km","124 cc","Tarragona","2007"
"1527110200-471","https://motos.coches.net/ocasion/?pg=3&MaxPrice=2000&Tops=1&or=-1&fi=SortDate","HONDA Vision 110","1.850 €","5.330 km","110 cc","Huelva","2013"
"1527110205-541","https://motos.coches.net/ocasion/?pg=1&MaxPrice=2000&Tops=1&or=-1&fi=SortDate","YAMAHA Neo's 50","500 €","16.660 km","49 cc","Valencia","1998"
"1527110166-107","https://motos.coches.net/ocasion/?pg=16&MaxPrice=2000&Tops=1&or=-1&fi=SortDate","HONDA SCOOPY SH150i","1.800 €","36.292 km","153 cc","Barcelona","2008"
"1527110192-375","https://motos.coches.net/ocasion/?pg=6&MaxPrice=2000&Tops=1&or=-1&fi=SortDate","SUZUKI SV 650","1.500 €","75.000 km","645 cc","Barcelona","2008"
"1527110195-406","https://motos.coches.net/ocasion/?pg=5&MaxPrice=2000&Tops=1&or=-1&fi=SortDate","SUZUKI Marauder 250","1.400 €","9.000 km","249 cc","Madrid","2006"
"1527110181-282","https://motos.coches.net/ocasion/?pg=10&MaxPrice=2000&Tops=1&or=-1&fi=SortDate","YAMAHA Majesty 250","1.490 €","33.058 km","250 cc","Valencia","2005"
"1527110200-485","https://motos.coches.net/ocasion/?pg=3&MaxPrice=2000&Tops=1&or=-1&fi=SortDate","HONDA CBF 250","1.000 €","62.180 km","249 cc","Málaga","2004"
"1527110168-151","https://motos.coches.net/ocasion/?pg=15&MaxPrice=2000&Tops=1&or=-1&fi=SortDate","KTM EXC 125","1.300 €","16.400 km","125 cc","Barcelona","2004"
"1527110155-10","https://motos.coches.net/ocasion/?pg=20&MaxPrice=2000&Tops=1&or=-1&fi=SortDate","HONDA SCOOPY 100","900 €","38.308 km","101 cc","Girona","2000"
"1527110198-445","https://motos.coches.net/ocasion/?pg=4&MaxPrice=2000&Tops=1&or=-1&fi=SortDate","HONDA CB 500","1.250 €","68.000 km","499 cc","Barcelona","2001"
"1527110173-190","https://motos.coches.net/ocasion/?pg=13&MaxPrice=2000&Tops=1&or=-1&fi=SortDate","VESPA 200 Iris","1.800 €","83.583 km","198 cc","Barcelona","1987"
"1527110184-317","https://motos.coches.net/ocasion/?pg=9&MaxPrice=2000&Tops=1&or=-1&fi=SortDate","HONDA CB 125 F","1.650 €","11.300 km","125 cc","Murcia","2014"
"1527110187-343","https://motos.coches.net/ocasion/?pg=8&MaxPrice=2000&Tops=1&or=-1&fi=SortDate","KYMCO Grand Dink 125","850 €","17.720 km","125 cc","Murcia","2008"
"1527110168-144","https://motos.coches.net/ocasion/?pg=15&MaxPrice=2000&Tops=1&or=-1&fi=SortDate","KEEWAY Silverblade 125 EFI","1.350 €","19.002 km","125 cc","Alicante","2013"
"1527110205-524","https://motos.coches.net/ocasion/?pg=1&MaxPrice=2000&Tops=1&or=-1&fi=SortDate","DAELIM Roadwin 125R Fi","1.400 €","4.800 km","125 cc","Madrid","2008"
"1527110205-534","https://motos.coches.net/ocasion/?pg=1&MaxPrice=2000&Tops=1&or=-1&fi=SortDate","KYMCO People 125 GTi","1.899 €","21.285 km","125 cc","Valencia","2014"
"1527110161-72","https://motos.coches.net/ocasion/?pg=18&MaxPrice=2000&Tops=1&or=-1&fi=SortDate","HONDA CB 500","1.700 €","39.000 km","499 cc","Zaragoza","1998"
"1527110203-513","https://motos.coches.net/ocasion/?pg=2&MaxPrice=2000&Tops=1&or=-1&fi=SortDate","HONDA Vision 110","1.650 €","3.700 km","110 cc","Zaragoza","2017"
"1527110163-78","https://motos.coches.net/ocasion/?pg=17&MaxPrice=2000&Tops=1&or=-1&fi=SortDate","KYMCO Vitality 50","1.400 €","3.024 km","49 cc","Pontevedra","2017"
"1527110181-269","https://motos.coches.net/ocasion/?pg=10&MaxPrice=2000&Tops=1&or=-1&fi=SortDate","YAMAHA X MAX 125","1.350 €","85.000 km","124 cc","Barcelona","2007"
"1527110192-382","https://motos.coches.net/ocasion/?pg=6&MaxPrice=2000&Tops=1&or=-1&fi=SortDate","DAELIM Daystar 125 FI","1.250 €","5.600 km","124 cc","Salamanca","2011"
"1527110176-214","https://motos.coches.net/ocasion/?pg=12&MaxPrice=2000&Tops=1&or=-1&fi=SortDate","HONDA CRM 80","700 €","46.000 km","80 cc","Zaragoza","1989"
"1527110190-372","https://motos.coches.net/ocasion/?pg=7&MaxPrice=2000&Tops=1&or=-1&fi=SortDate","KYMCO Miler 125","1.800 €","500 km","125 cc","Barcelona","2017"
"1527110158-35","https://motos.coches.net/ocasion/?pg=19&MaxPrice=2000&Tops=1&or=-1&fi=SortDate","KEEWAY Superlight 125","1.299 €","13.602 km","124 cc","Madrid","2014"
"1527110178-263","https://motos.coches.net/ocasion/?pg=11&MaxPrice=2000&Tops=1&or=-1&fi=SortDate","YAMAHA XV 250 Virago","1.800 €","20.000 km","248 cc","Ávila","1998"
"1527110195-410","https://motos.coches.net/ocasion/?pg=5&MaxPrice=2000&Tops=1&or=-1&fi=SortDate","APRILIA RS 125","1.750 €","18.500 km","124 cc","Toledo","2005"
"1527110173-195","https://motos.coches.net/ocasion/?pg=13&MaxPrice=2000&Tops=1&or=-1&fi=SortDate","APRILIA Compay 125 Custom","1.800 €","2.768 km","124 cc","Valencia","2006"
"1527110203-494","https://motos.coches.net/ocasion/?pg=2&MaxPrice=2000&Tops=1&or=-1&fi=SortDate","PIAGGIO X9 EVOLUTION 125","800 €","26.000 km","124 cc","Barcelona","2005"
"1527110168-153","https://motos.coches.net/ocasion/?pg=15&MaxPrice=2000&Tops=1&or=-1&fi=SortDate","PIAGGIO X8 125","1.000 €","52.000 km","124 cc","Málaga","2005"
"1527110200-470","https://motos.coches.net/ocasion/?pg=3&MaxPrice=2000&Tops=1&or=-1&fi=SortDate","HONDA SCOOPY SH125i","1.450 €","59.000 km","125 cc","Barcelona","2006"
"1527110181-273","https://motos.coches.net/ocasion/?pg=10&MaxPrice=2000&Tops=1&or=-1&fi=SortDate","SUZUKI BURGMAN 125 R","1.800 €","46.800 km","124 cc","Madrid","2012"
"1527110168-150","https://motos.coches.net/ocasion/?pg=15&MaxPrice=2000&Tops=1&or=-1&fi=SortDate","APRILIA Arrecife 200","999 €","42.300 km","200 cc","Málaga","2004"
"1527110161-56","https://motos.coches.net/ocasion/?pg=18&MaxPrice=2000&Tops=1&or=-1&fi=SortDate","KYMCO Super Dink 125i","1.990 €","43.300 km","125 cc","Madrid","2011"
"1527110184-306","https://motos.coches.net/ocasion/?pg=9&MaxPrice=2000&Tops=1&or=-1&fi=SortDate","MONTESA Cota 309","1.495 €","1.000 km","250 cc","Alicante","1989"
"1527110161-58","https://motos.coches.net/ocasion/?pg=18&MaxPrice=2000&Tops=1&or=-1&fi=SortDate","HYOSUNG GT 125 Comet","1.550 €","14.500 km","125 cc","Madrid","2016"
"1527110166-127","https://motos.coches.net/ocasion/?pg=16&MaxPrice=2000&Tops=1&or=-1&fi=SortDate","IMR Imr","1.100 €","5 km","155 cc","Barcelona","2018"
"1527110181-277","https://motos.coches.net/ocasion/?pg=10&MaxPrice=2000&Tops=1&or=-1&fi=SortDate","YAMAHA XV 250 Virago","1.099 €","33.400 km","248 cc","Málaga","2002"
"1527110163-88","https://motos.coches.net/ocasion/?pg=17&MaxPrice=2000&Tops=1&or=-1&fi=SortDate","PEUGEOT SQUAB 50","600 €","5.000 km","49 cc","Vizcaya","1997"
"1527110198-456","https://motos.coches.net/ocasion/?pg=4&MaxPrice=2000&Tops=1&or=-1&fi=SortDate","KYMCO Agility CITY 125","1.300 €","3.019 km","125 cc","Madrid","2011"
"1527110181-286","https://motos.coches.net/ocasion/?pg=10&MaxPrice=2000&Tops=1&or=-1&fi=SortDate","HONDA FORZA 250 X","1.990 €","60.400 km","250 cc","Valencia","2007"
"1527110158-32","https://motos.coches.net/ocasion/?pg=19&MaxPrice=2000&Tops=1&or=-1&fi=SortDate","DAELIM Daystar 125 FI","1.299 €","22.236 km","124 cc","Madrid","2007"
"1527110176-219","https://motos.coches.net/ocasion/?pg=12&MaxPrice=2000&Tops=1&or=-1&fi=SortDate","YAMAHA X MAX 250","1.000 €","96.000 km","249 cc","Barcelona","2006"
"1527110190-351","https://motos.coches.net/ocasion/?pg=7&MaxPrice=2000&Tops=1&or=-1&fi=SortDate","SYM Symphony 125 SR","1.899 €","2.200 km","125 cc","Toledo","2017"
"1527110205-526","https://motos.coches.net/ocasion/?pg=1&MaxPrice=2000&Tops=1&or=-1&fi=SortDate","APRILIA Arrecife 500","600 €","76.000 km","460 cc","Barcelona","2002"
"1527110171-186","https://motos.coches.net/ocasion/?pg=14&MaxPrice=2000&Tops=1&or=-1&fi=SortDate","SUZUKI GS 500F","1.700 €","43.000 km","487 cc","Madrid","2006"
"1527110166-106","https://motos.coches.net/ocasion/?pg=16&MaxPrice=2000&Tops=1&or=-1&fi=SortDate","SYM GTS 250i","1.399 €","32.310 km","250 cc","Badajoz","2008"
"1527110192-399","https://motos.coches.net/ocasion/?pg=6&MaxPrice=2000&Tops=1&or=-1&fi=SortDate","HONDA Transalp XL 600 V","1.900 €","82.000 km","583 cc","Madrid","1994"
"1527110173-198","https://motos.coches.net/ocasion/?pg=13&MaxPrice=2000&Tops=1&or=-1&fi=SortDate","PIAGGIO SuperHexagon GTX 250","700 €","54.000 km","244 cc","Madrid","2003"
"1527110168-135","https://motos.coches.net/ocasion/?pg=15&MaxPrice=2000&Tops=1&or=-1&fi=SortDate","HONDA Wallaroo 50","750 €","4.500 km","49 cc","Guipúzcoa","1998"
"1527110192-384","https://motos.coches.net/ocasion/?pg=6&MaxPrice=2000&Tops=1&or=-1&fi=SortDate","SUZUKI Marauder 250","575 €","45.000 km","249 cc","Barcelona","1999"
"1527110187-319","https://motos.coches.net/ocasion/?pg=8&MaxPrice=2000&Tops=1&or=-1&fi=SortDate","YAMAHA XT Z 750 Supertenere","1.600 €","80.000 km","750 cc","Cantabria","1996"
"1527110166-119","https://motos.coches.net/ocasion/?pg=16&MaxPrice=2000&Tops=1&or=-1&fi=SortDate","HYOSUNG GV 250i AQUILA","1.990 €","10.891 km","250 cc","Cáceres","2009"
"1527110161-59","https://motos.coches.net/ocasion/?pg=18&MaxPrice=2000&Tops=1&or=-1&fi=SortDate","PEUGEOT SATELIS 250 EXECUTIVE","999 €","62.000 km","244 cc","Barcelona","2007"
"1527110192-398","https://motos.coches.net/ocasion/?pg=6&MaxPrice=2000&Tops=1&or=-1&fi=SortDate","HONDA SCOOPY SH125i","1.650 €","56.000 km","125 cc","Barcelona","2007"
"1527110168-136","https://motos.coches.net/ocasion/?pg=15&MaxPrice=2000&Tops=1&or=-1&fi=SortDate","PIAGGIO X7 EVO 125 ie","1.800 €","20.000 km","124 cc","Guadalajara","2011"
"1527110203-515","https://motos.coches.net/ocasion/?pg=2&MaxPrice=2000&Tops=1&or=-1&fi=SortDate","HONDA Passion 125i","1.590 €","21.000 km","125 cc","Barcelona","2006"
"1527110168-132","https://motos.coches.net/ocasion/?pg=15&MaxPrice=2000&Tops=1&or=-1&fi=SortDate","KYMCO Super Dink 300i","1.600 €","32.000 km","300 cc","Barcelona","2010"
"1527110195-421","https://motos.coches.net/ocasion/?pg=5&MaxPrice=2000&Tops=1&or=-1&fi=SortDate","QINGQI Qm125l4b","700 €","27.000 km","125 cc","Zaragoza","2007"
"1527110178-244","https://motos.coches.net/ocasion/?pg=11&MaxPrice=2000&Tops=1&or=-1&fi=SortDate","YAMAHA XJ 600 N DIVERSION","1.950 €","39.200 km","598 cc","Pontevedra","2000"
"1527110176-226","https://motos.coches.net/ocasion/?pg=12&MaxPrice=2000&Tops=1&or=-1&fi=SortDate","DAELIM Daystar 125 FI","1.700 €","22.900 km","124 cc","Valencia","2014"
"1527110166-111","https://motos.coches.net/ocasion/?pg=16&MaxPrice=2000&Tops=1&or=-1&fi=SortDate","KAWASAKI VN 900 CLASSIC","100 €","5.000 km","903 cc","Córdoba","2010"
"1527110161-49","https://motos.coches.net/ocasion/?pg=18&MaxPrice=2000&Tops=1&or=-1&fi=SortDate","HANWAY Raw 125 SR Chrome","1.995 €","1 km","123 cc","Cáceres","2018"
"1527110161-65","https://motos.coches.net/ocasion/?pg=18&MaxPrice=2000&Tops=1&or=-1&fi=SortDate","KYMCO Xciting 250","1.400 €","27.714 km","249 cc","Vizcaya","2006"
"1527110178-241","https://motos.coches.net/ocasion/?pg=11&MaxPrice=2000&Tops=1&or=-1&fi=SortDate","KYMCO Super Dink 125i","1.700 €","45.000 km","125 cc","Madrid","2011"
"1527110168-140","https://motos.coches.net/ocasion/?pg=15&MaxPrice=2000&Tops=1&or=-1&fi=SortDate","YAMAHA TZR 50","1.700 €","7.600 km","49 cc","Barcelona","2008"
"1527110178-265","https://motos.coches.net/ocasion/?pg=11&MaxPrice=2000&Tops=1&or=-1&fi=SortDate","KYMCO Super Dink 125i","2.000 €","39.000 km","125 cc","Madrid","2011"
"1527110187-344","https://motos.coches.net/ocasion/?pg=8&MaxPrice=2000&Tops=1&or=-1&fi=SortDate","SUZUKI GSR 600","1.950 €","39.950 km","599 cc","Sta. C. Tenerife","2007"
"1527110171-163","https://motos.coches.net/ocasion/?pg=14&MaxPrice=2000&Tops=1&or=-1&fi=SortDate","YAMAHA X MAX 250","1.700 €","23.621 km","249 cc","Cantabria","2007"
"1527110163-84","https://motos.coches.net/ocasion/?pg=17&MaxPrice=2000&Tops=1&or=-1&fi=SortDate","PIAGGIO Liberty 125 ABS","1.800 €","6.000 km","124 cc","Barcelona","2017"
"1527110192-378","https://motos.coches.net/ocasion/?pg=6&MaxPrice=2000&Tops=1&or=-1&fi=SortDate","PIAGGIO LIBERTY 125 4T","1.290 €","33.000 km","124 cc","Madrid","2013"
"1527110173-200","https://motos.coches.net/ocasion/?pg=13&MaxPrice=2000&Tops=1&or=-1&fi=SortDate","SUZUKI AN 650 Burgman","1.499 €","65.000 km","638 cc","Navarra","2003"
"1527110203-512","https://motos.coches.net/ocasion/?pg=2&MaxPrice=2000&Tops=1&or=-1&fi=SortDate","SUZUKI GSF Bandit 650","1.995 €","60.000 km","656 cc","Tarragona","2005"
"1527110171-167","https://motos.coches.net/ocasion/?pg=14&MaxPrice=2000&Tops=1&or=-1&fi=SortDate","SYM Symphony 125 SR","1.200 €","16.000 km","125 cc","Sevilla","2017"
"1527110176-221","https://motos.coches.net/ocasion/?pg=12&MaxPrice=2000&Tops=1&or=-1&fi=SortDate","SUZUKI BURGMAN 125","1.650 €","50.400 km","125 cc","Madrid","2013"
"1527110192-381","https://motos.coches.net/ocasion/?pg=6&MaxPrice=2000&Tops=1&or=-1&fi=SortDate","APRILIA RS 125","1.950 €","16.000 km","124 cc","Lleida","2004"
"1527110184-295","https://motos.coches.net/ocasion/?pg=9&MaxPrice=2000&Tops=1&or=-1&fi=SortDate","PEUGEOT SATELIS 125 4V EXECUTIVE","1.150 €","34.100 km","125 cc","Sevilla","2007"
"1527110203-505","https://motos.coches.net/ocasion/?pg=2&MaxPrice=2000&Tops=1&or=-1&fi=SortDate","PIAGGIO X EVO 125","1.900 €","12.500 km","124 cc","Alicante","2015"
"1527110187-330","https://motos.coches.net/ocasion/?pg=8&MaxPrice=2000&Tops=1&or=-1&fi=SortDate","VESPA LX 125 ie","1.599 €","29.036 km","124 cc","Madrid","2009"
"1527110198-442","https://motos.coches.net/ocasion/?pg=4&MaxPrice=2000&Tops=1&or=-1&fi=SortDate","PIAGGIO beverly Tourer 300 ie","1.800 €","30.000 km","278 cc","Madrid","2011"
"1527110158-23","https://motos.coches.net/ocasion/?pg=19&MaxPrice=2000&Tops=1&or=-1&fi=SortDate","SUZUKI GSX R750","2.000 €","21.000 km","749 cc","Málaga","1999"
"1527110161-55","https://motos.coches.net/ocasion/?pg=18&MaxPrice=2000&Tops=1&or=-1&fi=SortDate","VESPA Cosa 200","1.190 €","6.000 km","200 cc","Guipúzcoa","1992"
"1527110155-3","https://motos.coches.net/ocasion/?pg=20&MaxPrice=2000&Tops=1&or=-1&fi=SortDate","DAELIM S3 125 FI Touring","1.450 €","27.000 km","124 cc","Barcelona","2012"
"1527110171-177","https://motos.coches.net/ocasion/?pg=14&MaxPrice=2000&Tops=1&or=-1&fi=SortDate","HONDA CBR 600F","2.000 €","50.000 km","599 cc","Tarragona","2001"
"1527110168-154","https://motos.coches.net/ocasion/?pg=15&MaxPrice=2000&Tops=1&or=-1&fi=SortDate","MONTESA Cota 310","1.399 €","2.500 km","250 cc","Navarra","1988"
"1527110176-225","https://motos.coches.net/ocasion/?pg=12&MaxPrice=2000&Tops=1&or=-1&fi=SortDate","SUZUKI GS 500 F","1.499 €","49.960 km","500 cc","Valencia","1993"
"1527110166-103","https://motos.coches.net/ocasion/?pg=16&MaxPrice=2000&Tops=1&or=-1&fi=SortDate","APRILIA ATLANTIC 250 i.e.","1.500 €","55.000 km","250 cc","Madrid","2006"
"1527110184-296","https://motos.coches.net/ocasion/?pg=9&MaxPrice=2000&Tops=1&or=-1&fi=SortDate","HONDA SCOOPY 75","850 €","32.715 km","75 cc","Barcelona","1990"
"1527110168-159","https://motos.coches.net/ocasion/?pg=15&MaxPrice=2000&Tops=1&or=-1&fi=SortDate","KAWASAKI KLE 500","1.450 €","16.000 km","500 cc","Toledo","1994"
"1527110203-495","https://motos.coches.net/ocasion/?pg=2&MaxPrice=2000&Tops=1&or=-1&fi=SortDate","KINROAD xf 125","800 €","4.413 km","125 cc","Málaga","2006"
"1527110198-433","https://motos.coches.net/ocasion/?pg=4&MaxPrice=2000&Tops=1&or=-1&fi=SortDate","YAMAHA X MAX 125","1.800 €","52.000 km","124 cc","Barcelona","2010"
"1527110173-209","https://motos.coches.net/ocasion/?pg=13&MaxPrice=2000&Tops=1&or=-1&fi=SortDate","PEUGEOT TWEET 125","600 €","5.500 km","125 cc","Málaga","2010"
"1527110187-323","https://motos.coches.net/ocasion/?pg=8&MaxPrice=2000&Tops=1&or=-1&fi=SortDate","KYMCO Super Dink 125i ABS","1.900 €","47.017 km","125 cc","Madrid","2011"
"1527110181-285","https://motos.coches.net/ocasion/?pg=10&MaxPrice=2000&Tops=1&or=-1&fi=SortDate","HONDA SCOOPY SH150i","1.490 €","28.594 km","152 cc","Valencia","2005"
"1527110163-85","https://motos.coches.net/ocasion/?pg=17&MaxPrice=2000&Tops=1&or=-1&fi=SortDate","PIAGGIO X8 200","1.000 €","68.000 km","198 cc","Almería","2005"
"1527110166-125","https://motos.coches.net/ocasion/?pg=16&MaxPrice=2000&Tops=1&or=-1&fi=SortDate","SUZUKI BURGMAN 150","999 €","54.300 km","150 cc","Navarra","2005"
"1527110161-64","https://motos.coches.net/ocasion/?pg=18&MaxPrice=2000&Tops=1&or=-1&fi=SortDate","SUZUKI AN 250 Burgman","1.400 €","47.069 km","249 cc","Vizcaya","2000"
"1527110155-2","https://motos.coches.net/ocasion/?pg=20&MaxPrice=2000&Tops=1&or=-1&fi=SortDate","YAMAHA YZF R 125","1.700 €","46.000 km","124 cc","Barcelona","2009"
"1527110187-324","https://motos.coches.net/ocasion/?pg=8&MaxPrice=2000&Tops=1&or=-1&fi=SortDate","YAMAHA FZ6 S","2.000 €","80.000 km","600 cc","Barcelona","2004"
"1527110161-71","https://motos.coches.net/ocasion/?pg=18&MaxPrice=2000&Tops=1&or=-1&fi=SortDate","PIAGGIO beverly Tourer 400 ie","1.300 €","74.000 km","399 cc","Tarragona","2009"
"1527110187-341","https://motos.coches.net/ocasion/?pg=8&MaxPrice=2000&Tops=1&or=-1&fi=SortDate","DAELIM S2 250","1.299 €","19.450 km","249 cc","Girona","2004"
"1527110192-388","https://motos.coches.net/ocasion/?pg=6&MaxPrice=2000&Tops=1&or=-1&fi=SortDate","KYMCO Xciting 500","1.900 €","50.800 km","498 cc","Córdoba","2005"
"1527110198-438","https://motos.coches.net/ocasion/?pg=4&MaxPrice=2000&Tops=1&or=-1&fi=SortDate","PIAGGIO X EVO 125","1.690 €","42.332 km","124 cc","Madrid","2009"
"1527110178-250","https://motos.coches.net/ocasion/?pg=11&MaxPrice=2000&Tops=1&or=-1&fi=SortDate","LML STAR 125 4T Deluxe","1.600 €","3.900 km","125 cc","Madrid","2010"
"1527110163-97","https://motos.coches.net/ocasion/?pg=17&MaxPrice=2000&Tops=1&or=-1&fi=SortDate","PIAGGIO X9 500","1.900 €","10.000 km","460 cc","Sevilla","2003"
"1527110166-122","https://motos.coches.net/ocasion/?pg=16&MaxPrice=2000&Tops=1&or=-1&fi=SortDate","SUZUKI GS 500 E","1.890 €","42.000 km","487 cc","León","2003"
"1527110178-248","https://motos.coches.net/ocasion/?pg=11&MaxPrice=2000&Tops=1&or=-1&fi=SortDate","DAELIM Daystar 125","1.300 €","22.610 km","125 cc","Cádiz","2005"
"1527110200-487","https://motos.coches.net/ocasion/?pg=3&MaxPrice=2000&Tops=1&or=-1&fi=SortDate","KEEWAY Logik 125","1.499 €","11.851 km","124 cc","Sevilla","2015"
"1527110158-43","https://motos.coches.net/ocasion/?pg=19&MaxPrice=2000&Tops=1&or=-1&fi=SortDate","HONDA Shadow VT 125 C","2.000 €","12.000 km","125 cc","Huelva","2005"
"1527110200-489","https://motos.coches.net/ocasion/?pg=3&MaxPrice=2000&Tops=1&or=-1&fi=SortDate","YAMAHA X enter 125 Moto GP","1.900 €","23.000 km","125 cc","Barcelona","2013"
"1527110205-531","https://motos.coches.net/ocasion/?pg=1&MaxPrice=2000&Tops=1&or=-1&fi=SortDate","KYMCO Xciting 500 R ABS","1.900 €","68.000 km","498 cc","Cádiz","2009"
"1527110158-46","https://motos.coches.net/ocasion/?pg=19&MaxPrice=2000&Tops=1&or=-1&fi=SortDate","PIAGGIO X-Evo 125 Sport","1.900 €","24.500 km","124 cc","Madrid","2013"
"1527110158-41","https://motos.coches.net/ocasion/?pg=19&MaxPrice=2000&Tops=1&or=-1&fi=SortDate","SYM Fiddle II 50 s","1.000 €","15.000 km","50 cc","Valencia","2015"
"1527110205-525","https://motos.coches.net/ocasion/?pg=1&MaxPrice=2000&Tops=1&or=-1&fi=SortDate","YAMAHA YBR 250","1.700 €","25.500 km","249 cc","Sevilla","2008"
"1527110203-507","https://motos.coches.net/ocasion/?pg=2&MaxPrice=2000&Tops=1&or=-1&fi=SortDate","HONDA CBR 600 RR","2.000 €","29.000 km","600 cc","Barcelona","2010"
"1527110203-514","https://motos.coches.net/ocasion/?pg=2&MaxPrice=2000&Tops=1&or=-1&fi=SortDate","PEUGEOT Citystar 125i","1.790 €","6.000 km","125 cc","Barcelona","2013"
"1527110205-543","https://motos.coches.net/ocasion/?pg=1&MaxPrice=2000&Tops=1&or=-1&fi=SortDate","PEUGEOT TWEET 125","1.200 €","1.178 km","125 cc","Barcelona","2014"
"1527110155-9","https://motos.coches.net/ocasion/?pg=20&MaxPrice=2000&Tops=1&or=-1&fi=SortDate","SYM Fiddle II 125 S","1.499 €","13.496 km","125 cc","Valencia","2012"
"1527110158-25","https://motos.coches.net/ocasion/?pg=19&MaxPrice=2000&Tops=1&or=-1&fi=SortDate","KEEWAY TX 125 S","1.849 €","19.613 km","124 cc","Madrid","2016"
"1527110173-194","https://motos.coches.net/ocasion/?pg=13&MaxPrice=2000&Tops=1&or=-1&fi=SortDate","YAMAHA YZ 85","1.850 €","N/D km","85 cc","Sevilla","2009"
"1527110187-322","https://motos.coches.net/ocasion/?pg=8&MaxPrice=2000&Tops=1&or=-1&fi=SortDate","HONDA Lead 100","600 €","47.000 km","100 cc","Barcelona","2004"
"1527110181-287","https://motos.coches.net/ocasion/?pg=10&MaxPrice=2000&Tops=1&or=-1&fi=SortDate","SUZUKI GSX R600","1.900 €","60.000 km","599 cc","Murcia","2003"
"1527110195-424","https://motos.coches.net/ocasion/?pg=5&MaxPrice=2000&Tops=1&or=-1&fi=SortDate","PIAGGIO X9 EVOLUTION 125","1.499 €","15.000 km","124 cc","Madrid","2006"
"1527110190-349","https://motos.coches.net/ocasion/?pg=7&MaxPrice=2000&Tops=1&or=-1&fi=SortDate","HONDA CBF 125","1.995 €","16.558 km","125 cc","Alicante","2014"
"1527110192-392","https://motos.coches.net/ocasion/?pg=6&MaxPrice=2000&Tops=1&or=-1&fi=SortDate","KEEWAY RKS 125","1.399 €","3.605 km","124 cc","Madrid","2018"
"1527110200-486","https://motos.coches.net/ocasion/?pg=3&MaxPrice=2000&Tops=1&or=-1&fi=SortDate","YAMAHA SR 250 Special","1.490 €","55.250 km","249 cc","A Coruña","2006"
"1527110187-340","https://motos.coches.net/ocasion/?pg=8&MaxPrice=2000&Tops=1&or=-1&fi=SortDate","HONDA SCOOPY 100","890 €","28.900 km","101 cc","Barcelona","2000"
"1527110190-362","https://motos.coches.net/ocasion/?pg=7&MaxPrice=2000&Tops=1&or=-1&fi=SortDate","VESPA LX 125 ie","1.950 €","14.900 km","124 cc","Madrid","2011"
"1527110198-461","https://motos.coches.net/ocasion/?pg=4&MaxPrice=2000&Tops=1&or=-1&fi=SortDate","YAMAHA Majesty 400","1.800 €","55.000 km","395 cc","Barcelona","2004"
"1527110195-422","https://motos.coches.net/ocasion/?pg=5&MaxPrice=2000&Tops=1&or=-1&fi=SortDate","HONDA CB 250 TWO FIFTY","750 €","70.000 km","234 cc","Madrid","2001"
"1527110192-397","https://motos.coches.net/ocasion/?pg=6&MaxPrice=2000&Tops=1&or=-1&fi=SortDate","SUZUKI BURGMAN 125","1.700 €","13.000 km","125 cc","Alicante","2011"
"1527110166-105","https://motos.coches.net/ocasion/?pg=16&MaxPrice=2000&Tops=1&or=-1&fi=SortDate","PEUGEOT Speedake 50","650 €","17.000 km","49 cc","Málaga","2000"
"1527110190-369","https://motos.coches.net/ocasion/?pg=7&MaxPrice=2000&Tops=1&or=-1&fi=SortDate","SCOMADI TL 125","1.450 €","8.400 km","125 cc","Barcelona","2016"
"1527110203-502","https://motos.coches.net/ocasion/?pg=2&MaxPrice=2000&Tops=1&or=-1&fi=SortDate","QINGQI customs 125","900 €","8.000 km","125 cc","Jaén","2008"
"1527110158-42","https://motos.coches.net/ocasion/?pg=19&MaxPrice=2000&Tops=1&or=-1&fi=SortDate","HANWAY Raw 50 Cafe","950 €","1.500 km","49 cc","Jaén","2017"
"1527110155-16","https://motos.coches.net/ocasion/?pg=20&MaxPrice=2000&Tops=1&or=-1&fi=SortDate","KYMCO Grand Dink 125","1.190 €","24.080 km","125 cc","Madrid","2006"
"1527110171-172","https://motos.coches.net/ocasion/?pg=14&MaxPrice=2000&Tops=1&or=-1&fi=SortDate","KYMCO Grand Dink 125","1.200 €","20.000 km","125 cc","Murcia","2008"
"1527110158-39","https://motos.coches.net/ocasion/?pg=19&MaxPrice=2000&Tops=1&or=-1&fi=SortDate","KYMCO Movie 125 XL","1.600 €","3.450 km","125 cc","Sta. C. Tenerife","2007"
"1527110166-121","https://motos.coches.net/ocasion/?pg=16&MaxPrice=2000&Tops=1&or=-1&fi=SortDate","RIEJU TANGO 125","1.499 €","2.300 km","125 cc","Navarra","2010"
"1527110168-143","https://motos.coches.net/ocasion/?pg=15&MaxPrice=2000&Tops=1&or=-1&fi=SortDate","YAMAHA XJ 600 S Diversion","1.190 €","78.000 km","600 cc","Madrid","1993"
"1527110192-380","https://motos.coches.net/ocasion/?pg=6&MaxPrice=2000&Tops=1&or=-1&fi=SortDate","GILERA Runner 180","1.800 €","10.550 km","176 cc","Zaragoza","2001"
"1527110166-131","https://motos.coches.net/ocasion/?pg=16&MaxPrice=2000&Tops=1&or=-1&fi=SortDate","KYMCO Super Dink 125i","1.950 €","9.500 km","125 cc","Tarragona","2011"
"1527110155-22","https://motos.coches.net/ocasion/?pg=20&MaxPrice=2000&Tops=1&or=-1&fi=SortDate","YAMAHA X MAX 250","1.690 €","40.000 km","249 cc","Vizcaya","2005"
"1527110173-208","https://motos.coches.net/ocasion/?pg=13&MaxPrice=2000&Tops=1&or=-1&fi=SortDate","HONDA CB 600 F","1.850 €","60.000 km","599 cc","Barcelona","1999"
"1527110161-62","https://motos.coches.net/ocasion/?pg=18&MaxPrice=2000&Tops=1&or=-1&fi=SortDate","SUZUKI Marauder 125","1.800 €","13.740 km","124 cc","Vizcaya","2006"
"1527110171-171","https://motos.coches.net/ocasion/?pg=14&MaxPrice=2000&Tops=1&or=-1&fi=SortDate","PEUGEOT SpeedFight 4 Pure","1.500 €","4.000 km","49 cc","Málaga","2017"
"1527110195-413","https://motos.coches.net/ocasion/?pg=5&MaxPrice=2000&Tops=1&or=-1&fi=SortDate","VESPA FL 125","1.200 €","76.500 km","125 cc","Valencia","1991"
"1527110168-156","https://motos.coches.net/ocasion/?pg=15&MaxPrice=2000&Tops=1&or=-1&fi=SortDate","PIAGGIO X7 125","1.300 €","8.000 km","124 cc","Cantabria","2008"
"1527110171-188","https://motos.coches.net/ocasion/?pg=14&MaxPrice=2000&Tops=1&or=-1&fi=SortDate","HONDA CBR 1000RR","1.500 €","44.000 km","998 cc","Valencia","2004"
"1527110187-320","https://motos.coches.net/ocasion/?pg=8&MaxPrice=2000&Tops=1&or=-1&fi=SortDate","HYOSUNG GT 250i COMET","1.650 €","20.000 km","249 cc","Valladolid","2010"
"1527110176-238","https://motos.coches.net/ocasion/?pg=12&MaxPrice=2000&Tops=1&or=-1&fi=SortDate","HONDA CB 250 TWO FIFTY","1.150 €","37.100 km","234 cc","Barcelona","2000"
"1527110158-38","https://motos.coches.net/ocasion/?pg=19&MaxPrice=2000&Tops=1&or=-1&fi=SortDate","PIAGGIO LIBERTY 125 4T","1.490 €","35.000 km","124 cc","Barcelona","2010"
"1527110195-411","https://motos.coches.net/ocasion/?pg=5&MaxPrice=2000&Tops=1&or=-1&fi=SortDate","HONDA CBF 250","1.450 €","35.300 km","249 cc","Tarragona","2007"
"1527110158-40","https://motos.coches.net/ocasion/?pg=19&MaxPrice=2000&Tops=1&or=-1&fi=SortDate","YAMAHA XJ 600 Diversion","1.250 €","61.200 km","600 cc","Lleida","1995"
"1527110198-436","https://motos.coches.net/ocasion/?pg=4&MaxPrice=2000&Tops=1&or=-1&fi=SortDate","YAMAHA XT 600","1.700 €","34.000 km","600 cc","Barcelona","1989"
"1527110184-308","https://motos.coches.net/ocasion/?pg=9&MaxPrice=2000&Tops=1&or=-1&fi=SortDate","HONDA CB 125 F","1.750 €","4.900 km","125 cc","Vizcaya","2015"
"1527110163-77","https://motos.coches.net/ocasion/?pg=17&MaxPrice=2000&Tops=1&or=-1&fi=SortDate","HONDA CB 250 TWO FIFTY","1.500 €","26.567 km","237 cc","Pontevedra","1993"
"1527110200-466","https://motos.coches.net/ocasion/?pg=3&MaxPrice=2000&Tops=1&or=-1&fi=SortDate","YAMAHA FZS 600 Fazer","1.990 €","58.000 km","599 cc","Zaragoza","2002"
"1527110155-8","https://motos.coches.net/ocasion/?pg=20&MaxPrice=2000&Tops=1&or=-1&fi=SortDate","VESPA LX 50 2T","1.600 €","19.000 km","49 cc","Valencia","2007"
"1527110178-254","https://motos.coches.net/ocasion/?pg=11&MaxPrice=2000&Tops=1&or=-1&fi=SortDate","PIAGGIO X8 200","1.199 €","22.000 km","198 cc","Madrid","2004"
"1527110187-325","https://motos.coches.net/ocasion/?pg=8&MaxPrice=2000&Tops=1&or=-1&fi=SortDate","KYMCO Vitality 50","1.200 €","704 km","49 cc","Alicante","2015"
"1527110178-259","https://motos.coches.net/ocasion/?pg=11&MaxPrice=2000&Tops=1&or=-1&fi=SortDate","SUZUKI GSX 750 F","1.999 €","37.000 km","750 cc","Madrid","1999"
"1527110166-104","https://motos.coches.net/ocasion/?pg=16&MaxPrice=2000&Tops=1&or=-1&fi=SortDate","SUZUKI GSX 750 F","2.000 €","51.000 km","750 cc","Madrid","2000"
"1527110184-301","https://motos.coches.net/ocasion/?pg=9&MaxPrice=2000&Tops=1&or=-1&fi=SortDate","HONDA S-WING 125","1.490 €","48.000 km","125 cc","Alicante","2007"
"1527110163-87","https://motos.coches.net/ocasion/?pg=17&MaxPrice=2000&Tops=1&or=-1&fi=SortDate","DAELIM S2 250","1.200 €","23.250 km","249 cc","Guipúzcoa","2007"
"1527110155-18","https://motos.coches.net/ocasion/?pg=20&MaxPrice=2000&Tops=1&or=-1&fi=SortDate","HONDA VFR 800 FI ABS","N/D","48.525 km","781 cc","Málaga","2006"
"1527110195-415","https://motos.coches.net/ocasion/?pg=5&MaxPrice=2000&Tops=1&or=-1&fi=SortDate","SUZUKI GS 500F","2.000 €","40.000 km","487 cc","Guipúzcoa","2004"
"1527110161-70","https://motos.coches.net/ocasion/?pg=18&MaxPrice=2000&Tops=1&or=-1&fi=SortDate","SUZUKI RF 600 R","950 €","68.438 km","600 cc","Madrid","1993"
"1527110195-416","https://motos.coches.net/ocasion/?pg=5&MaxPrice=2000&Tops=1&or=-1&fi=SortDate","KEEWAY RKV 125","1.300 €","6.649 km","124 cc","Madrid","2012"
"1527110171-182","https://motos.coches.net/ocasion/?pg=14&MaxPrice=2000&Tops=1&or=-1&fi=SortDate","MACBOR Rockster","1.700 €","2.711 km","125 cc","Girona","2017"
"1527110190-354","https://motos.coches.net/ocasion/?pg=7&MaxPrice=2000&Tops=1&or=-1&fi=SortDate","SYM JOYRIDE 200","950 €","20.000 km","200 cc","Barcelona","2008"
"1527110176-215","https://motos.coches.net/ocasion/?pg=12&MaxPrice=2000&Tops=1&or=-1&fi=SortDate","YAMAHA X MAX 125","1.500 €","43.400 km","124 cc","Madrid","2007"
"1527110178-256","https://motos.coches.net/ocasion/?pg=11&MaxPrice=2000&Tops=1&or=-1&fi=SortDate","HONDA CBR 600F","900 €","74.000 km","600 cc","Murcia","1992"
"1527110181-276","https://motos.coches.net/ocasion/?pg=10&MaxPrice=2000&Tops=1&or=-1&fi=SortDate","YAMAHA XV 250 Virago","1.999 €","18.646 km","248 cc","Madrid","2001"
"1527110178-262","https://motos.coches.net/ocasion/?pg=11&MaxPrice=2000&Tops=1&or=-1&fi=SortDate","HONDA VTR 250","2.000 €","60.000 km","250 cc","Pontevedra","2000"
"1527110195-427","https://motos.coches.net/ocasion/?pg=5&MaxPrice=2000&Tops=1&or=-1&fi=SortDate","PEUGEOT Django 150 Heritage","1.999 €","5.000 km","149 cc","Madrid","2016"
"1527110198-440","https://motos.coches.net/ocasion/?pg=4&MaxPrice=2000&Tops=1&or=-1&fi=SortDate","HONDA Lead 110","1.390 €","35.000 km","108 cc","Barcelona","2011"
"1527110168-145","https://motos.coches.net/ocasion/?pg=15&MaxPrice=2000&Tops=1&or=-1&fi=SortDate","KYMCO Venox 250","1.200 €","17.000 km","249 cc","Madrid","2004"
"1527110168-152","https://motos.coches.net/ocasion/?pg=15&MaxPrice=2000&Tops=1&or=-1&fi=SortDate","SUZUKI BURGMAN 200","2.000 €","25.800 km","200 cc","Guadalajara","2007"
"1527110168-149","https://motos.coches.net/ocasion/?pg=15&MaxPrice=2000&Tops=1&or=-1&fi=SortDate","SUZUKI BURGMAN 200 ABS","2.000 €","25.800 km","200 cc","Guadalajara","2007"
"1527110190-364","https://motos.coches.net/ocasion/?pg=7&MaxPrice=2000&Tops=1&or=-1&fi=SortDate","HONDA Passion 125 I.E.","999 €","43.968 km","124 cc","Madrid","2007"
"1527110187-332","https://motos.coches.net/ocasion/?pg=8&MaxPrice=2000&Tops=1&or=-1&fi=SortDate","PIAGGIO X EVO 125","2.000 €","15.987 km","124 cc","Madrid","2010"
"1527110161-66","https://motos.coches.net/ocasion/?pg=18&MaxPrice=2000&Tops=1&or=-1&fi=SortDate","PIAGGIO MP3 125 RL","2.000 €","42.288 km","124 cc","Madrid","2010"
"1527110205-540","https://motos.coches.net/ocasion/?pg=1&MaxPrice=2000&Tops=1&or=-1&fi=SortDate","GILERA Nexus 125","1.895 €","17.700 km","124 cc","Valencia","2011"
